[2026-04-17 10:39:22Z INFO HostContext] No proxy settings were found based on environmental variables (http_proxy/https_proxy/HTTP_PROXY/HTTPS_PROXY)
[2026-04-17 10:39:22Z INFO HostContext] Well known directory 'Bin': 'C:\Users\flawy\Documents\pipeline\main\Hello\actions-runner\bin'
[2026-04-17 10:39:22Z INFO HostContext] Well known directory 'Root': 'C:\Users\flawy\Documents\pipeline\main\Hello\actions-runner'
[2026-04-17 10:39:22Z INFO HostContext] Well known config file 'Credentials': 'C:\Users\flawy\Documents\pipeline\main\Hello\actions-runner\.credentials'
[2026-04-17 10:39:22Z INFO HostContext] Well known directory 'Bin': 'C:\Users\flawy\Documents\pipeline\main\Hello\actions-runner\bin'
[2026-04-17 10:39:22Z INFO HostContext] Well known directory 'Root': 'C:\Users\flawy\Documents\pipeline\main\Hello\actions-runner'
[2026-04-17 10:39:22Z INFO HostContext] Well known config file 'Runner': 'C:\Users\flawy\Documents\pipeline\main\Hello\actions-runner\.runner'
[2026-04-17 10:39:22Z INFO Worker] Version: 2.333.1
[2026-04-17 10:39:22Z INFO Worker] Commit: 6792966801e8925346735b68c03bf9f347af4646
[2026-04-17 10:39:22Z INFO Worker] Culture: en-US
[2026-04-17 10:39:22Z INFO Worker] UI Culture: en-US
[2026-04-17 10:39:22Z INFO Worker] Waiting to receive the job message from the channel.
[2026-04-17 10:39:22Z INFO ProcessChannel] Receiving message of length 21270, with hash 'd0bc7d634d111fc380afc937dd358f078fbbcf0c6295250eafe11436627cd50b'
[2026-04-17 10:39:22Z INFO Worker] Message received.
[2026-04-17 10:39:22Z INFO Worker] Job message:
 {
  "fileTable": [
    ".github/workflows/pipeline.yml"
  ],
  "mask": [
    {
      "type": "regex",
      "value": "***"
    },
    {
      "type": "regex",
      "value": "***"
    },
    {
      "type": "regex",
      "value": "***"
    },
    {
      "type": "regex",
      "value": "***"
    },
    {
      "type": "regex",
      "value": "***"
    },
    {
      "type": "regex",
      "value": "***"
    },
    {
      "type": "regex",
      "value": "***"
    },
    {
      "type": "regex",
      "value": "***"
    },
    {
      "type": "regex",
      "value": "***"
    },
    {
      "type": "regex",
      "value": "***"
    },
    {
      "type": "regex",
      "value": "***"
    },
    {
      "type": "regex",
      "value": "***"
    },
    {
      "type": "regex",
      "value": "***"
    },
    {
      "type": "regex",
      "value": "***"
    },
    {
      "type": "regex",
      "value": "***"
    },
    {
      "type": "regex",
      "value": "***"
    },
    {
      "type": "regex",
      "value": "***"
    },
    {
      "type": "regex",
      "value": "***"
    }
  ],
  "steps": [
    {
      "type": "action",
      "reference": {
        "type": "repository",
        "name": "actions/checkout",
        "ref": "v4",
        "repositoryType": "GitHub"
      },
      "displayNameToken": {
        "type": 0,
        "file": 1,
        "line": 12,
        "col": 15,
        "lit": "Checkout repo"
      },
      "contextName": "__actions_checkout",
      "condition": "success()",
      "id": "933393ad-13b9-4b30-a728-40b279dfe44d",
      "name": "__actions_checkout"
    },
    {
      "type": "action",
      "reference": {
        "type": "script"
      },
      "displayNameToken": {
        "type": 0,
        "file": 1,
        "line": 15,
        "col": 15,
        "lit": "Pull latest changes"
      },
      "contextName": "__run",
      "inputs": {
        "type": 2,
        "map": [
          {
            "key": "script",
            "value": {
              "type": 0,
              "file": 1,
              "line": 16,
              "col": 14,
              "lit": "git fetch origin main\ngit reset --hard origin/main\n"
            }
          }
        ]
      },
      "condition": "success()",
      "id": "c8c177ac-1561-4302-bb9b-6a5fde577fb9",
      "name": "__run"
    },
    {
      "type": "action",
      "reference": {
        "type": "script"
      },
      "displayNameToken": {
        "type": 0,
        "file": 1,
        "line": 20,
        "col": 15,
        "lit": "Show files"
      },
      "contextName": "__run_2",
      "inputs": {
        "type": 2,
        "map": [
          {
            "key": "script",
            "value": {
              "type": 0,
              "file": 1,
              "line": 21,
              "col": 14,
              "lit": "ls -la"
            }
          }
        ]
      },
      "condition": "success()",
      "id": "01a3e516-a421-4f62-9664-ea4e4db81d01",
      "name": "__run_2"
    },
    {
      "type": "action",
      "reference": {
        "type": "script"
      },
      "displayNameToken": {
        "type": 0,
        "file": 1,
        "line": 23,
        "col": 15,
        "lit": "Pull"
      },
      "contextName": "__run_3",
      "inputs": {
        "type": 2,
        "map": [
          {
            "key": "script",
            "value": {
              "type": 0,
              "file": 1,
              "line": 24,
              "col": 14,
              "lit": "git pull origin main"
            }
          }
        ]
      },
      "condition": "success()",
      "id": "d016e640-5686-4e74-9713-f404bdf2bc31",
      "name": "__run_3"
    }
  ],
  "variables": {
    "Actions.EnableHttpRedirects": {
      "value": "true"
    },
    "DistributedTask.AddWarningToNode12Action": {
      "value": "true"
    },
    "DistributedTask.AddWarningToNode16Action": {
      "value": "true"
    },
    "DistributedTask.AllowRunnerContainerHooks": {
      "value": "true"
    },
    "DistributedTask.DeprecateStepOutputCommands": {
      "value": "true"
    },
    "DistributedTask.DetailUntarFailure": {
      "value": "true"
    },
    "DistributedTask.EnableCompositeActions": {
      "value": "true"
    },
    "DistributedTask.EnableJobServerQueueTelemetry": {
      "value": "true"
    },
    "DistributedTask.EnhancedAnnotations": {
      "value": "true"
    },
    "DistributedTask.ForceGithubJavascriptActionsToNode16": {
      "value": "true"
    },
    "DistributedTask.ForceGithubJavascriptActionsToNode20": {
      "value": "true"
    },
    "DistributedTask.LogTemplateErrorsAsDebugMessages": {
      "value": "true"
    },
    "DistributedTask.MarkJobAsFailedOnWorkerCrash": {
      "value": "true"
    },
    "DistributedTask.NewActionMetadata": {
      "value": "true"
    },
    "DistributedTask.UploadStepSummary": {
      "value": "true"
    },
    "DistributedTask.UseActionArchiveCache": {
      "value": "true"
    },
    "DistributedTask.UseWhich2": {
      "value": "true"
    },
    "RunService.FixEmbeddedIssues": {
      "value": "true"
    },
    "actions.runner.requirenode24": {
      "value": "false"
    },
    "actions.runner.usenode24bydefault": {
      "value": "false"
    },
    "actions.runner.warnonnode20": {
      "value": "true"
    },
    "actions_add_check_run_id_to_job_context": {
      "value": "true"
    },
    "actions_batch_action_resolution": {
      "value": "false"
    },
    "actions_container_action_runner_temp": {
      "value": "true"
    },
    "actions_display_helpful_actions_download_errors": {
      "value": "true"
    },
    "actions_runner_compare_workflow_parser": {
      "value": "false"
    },
    "actions_runner_deprecate_linux_arm32": {
      "value": "false"
    },
    "actions_runner_emit_composite_markers": {
      "value": "false"
    },
    "actions_runner_kill_linux_arm32": {
      "value": "false"
    },
    "actions_runner_node20_removal_date": {
      "value": ""
    },
    "actions_runner_node24_default_date": {
      "value": ""
    },
    "actions_service_container_command": {
      "value": "true"
    },
    "actions_set_orchestration_id_env_for_actions": {
      "value": "true"
    },
    "actions_skip_retry_complete_job_upon_known_errors": {
      "value": "true"
    },
    "actions_snapshot_preflight_hosted_runner_check": {
      "value": "false"
    },
    "actions_snapshot_preflight_image_gen_pool_check": {
      "value": "false"
    },
    "actions_use_bearer_token_for_codeload": {
      "value": "false"
    },
    "actions_uses_cache_service_v2": {
      "value": "true"
    },
    "github_token": {
      "value": "***",
      "isSecret": true
    },
    "system.from_run_service": {
      "value": "true"
    },
    "system.github.job": {
      "value": "sync"
    },
    "system.github.launch_endpoint": {
      "value": "https://launch.actions.githubusercontent.com"
    },
    "system.github.results_endpoint": {
      "value": "https://results-receiver.actions.githubusercontent.com/"
    },
    "system.github.results_upload_with_sdk": {
      "value": "true"
    },
    "system.github.token": {
      "value": "***",
      "isSecret": true
    },
    "system.github.token.permissions": {
      "value": "{\"Contents\":\"read\",\"Metadata\":\"read\",\"Packages\":\"read\"}"
    },
    "system.orchestrationId": {
      "value": "9f9135b5-8dae-45e2-80f3-03ca7a727da2.sync.__default"
    },
    "system.phaseDisplayName": {
      "value": "sync"
    },
    "system.runner.lowdiskspacethreshold": {
      "value": "100"
    },
    "system.runnerEnvironment": {
      "value": "self-hosted"
    },
    "system.runnerGroupName": {
      "value": "Default"
    }
  },
  "messageType": "RunnerJobRequest",
  "plan": {
    "scopeIdentifier": "00000000-0000-0000-0000-000000000000",
    "planType": "actions",
    "version": 0,
    "planId": "9f9135b5-8dae-45e2-80f3-03ca7a727da2",
    "planGroup": null,
    "artifactUri": null,
    "artifactLocation": null,
    "definition": null,
    "owner": null
  },
  "timeline": {
    "id": "9f9135b5-8dae-45e2-80f3-03ca7a727da2",
    "changeId": 0,
    "location": null
  },
  "jobId": "dad7a6eb-ae20-589c-a563-2972f201d82e",
  "jobDisplayName": "sync",
  "jobName": "__default",
  "requestId": 0,
  "lockedUntil": "0001-01-01T00:00:00",
  "resources": {
    "endpoints": [
      {
        "data": {
          "ServerId": "",
          "ServerName": "",
          "CacheServerUrl": "https://artifactcache.actions.githubusercontent.com/6gLDCYQ1FqG8j0PhSx8LMkFVPUsNrwLpena6UiQoNaFymIHjrq/",
          "FeedStreamUrl": "wss://results-receiver.actions.githubusercontent.com/_ws/ingest.sock",
          "ResultsServiceUrl": "https://results-receiver.actions.githubusercontent.com/",
          "PipelinesServiceUrl": "https://pipelinesghubeus21.actions.githubusercontent.com/6gLDCYQ1FqG8j0PhSx8LMkFVPUsNrwLpena6UiQoNaFymIHjrq/",
          "GenerateIdTokenUrl": "",
          "ConnectivityChecks": "[\"https://broker.actions.githubusercontent.com/health\",\"https://token.actions.githubusercontent.com/ready\",\"https://run.actions.githubusercontent.com/health\"]"
        },
        "name": "SystemVssConnection",
        "url": "https://run-actions-1-azure-eastus.actions.githubusercontent.com/126/",
        "authorization": {
          "parameters": {
            "AccessToken": "***"
          },
          "scheme": "OAuth"
        },
        "isShared": false,
        "isReady": true
      }
    ]
  },
  "contextData": {
    "github": {
      "t": 2,
      "d": [
        {
          "k": "ref",
          "v": "refs/heads/main"
        },
        {
          "k": "sha",
          "v": "987ad57395a895d80436360d7292ad2d43600f89"
        },
        {
          "k": "repository",
          "v": "Luna-slendy/Hello"
        },
        {
          "k": "repository_owner",
          "v": "Luna-slendy"
        },
        {
          "k": "repository_owner_id",
          "v": "154507618"
        },
        {
          "k": "repositoryUrl",
          "v": "git://github.com/Luna-slendy/Hello.git"
        },
        {
          "k": "run_id",
          "v": "24560928540"
        },
        {
          "k": "run_number",
          "v": "8"
        },
        {
          "k": "retention_days",
          "v": "90"
        },
        {
          "k": "run_attempt",
          "v": "1"
        },
        {
          "k": "artifact_cache_size_limit",
          "v": "10"
        },
        {
          "k": "repository_visibility",
          "v": "public"
        },
        {
          "k": "actor_id",
          "v": "154507618"
        },
        {
          "k": "actor",
          "v": "Luna-slendy"
        },
        {
          "k": "workflow",
          "v": "pipeline"
        },
        {
          "k": "head_ref",
          "v": ""
        },
        {
          "k": "base_ref",
          "v": ""
        },
        {
          "k": "event_name",
          "v": "push"
        },
        {
          "k": "server_url",
          "v": "https://github.com"
        },
        {
          "k": "api_url",
          "v": "https://api.github.com"
        },
        {
          "k": "graphql_url",
          "v": "https://api.github.com/graphql"
        },
        {
          "k": "ref_name",
          "v": "main"
        },
        {
          "k": "ref_protected",
          "v": false
        },
        {
          "k": "ref_type",
          "v": "branch"
        },
        {
          "k": "secret_source",
          "v": "Actions"
        },
        {
          "k": "event",
          "v": {
            "t": 2,
            "d": [
              {
                "k": "after",
                "v": "987ad57395a895d80436360d7292ad2d43600f89"
              },
              {
                "k": "base_ref",
                "v": null
              },
              {
                "k": "before",
                "v": "be1265dd750ecb588cd45a625af9627f9c95e4e0"
              },
              {
                "k": "commits",
                "v": {
                  "t": 1,
                  "a": [
                    {
                      "t": 2,
                      "d": [
                        {
                          "k": "author",
                          "v": {
                            "t": 2,
                            "d": [
                              {
                                "k": "email",
                                "v": "flawyplay2.0@gmail.com"
                              },
                              {
                                "k": "name",
                                "v": "Luna Slendy"
                              },
                              {
                                "k": "username",
                                "v": "Luna-slendy"
                              }
                            ]
                          }
                        },
                        {
                          "k": "committer",
                          "v": {
                            "t": 2,
                            "d": [
                              {
                                "k": "email",
                                "v": "flawyplay2.0@gmail.com"
                              },
                              {
                                "k": "name",
                                "v": "Luna Slendy"
                              },
                              {
                                "k": "username",
                                "v": "Luna-slendy"
                              }
                            ]
                          }
                        },
                        {
                          "k": "distinct",
                          "v": true
                        },
                        {
                          "k": "id",
                          "v": "870f783dd4fc297e737767545423964f280ff4e6"
                        },
                        {
                          "k": "message",
                          "v": "update"
                        },
                        {
                          "k": "timestamp",
                          "v": "2026-04-17T13:36:34+03:00"
                        },
                        {
                          "k": "tree_id",
                          "v": "893aff8610dd9e63ecaf60354a51811cc6cf3ef0"
                        },
                        {
                          "k": "url",
                          "v": "https://github.com/Luna-slendy/Hello/commit/870f783dd4fc297e737767545423964f280ff4e6"
                        }
                      ]
                    },
                    {
                      "t": 2,
                      "d": [
                        {
                          "k": "author",
                          "v": {
                            "t": 2,
                            "d": [
                              {
                                "k": "email",
                                "v": "flawyplay2.0@gmail.com"
                              },
                              {
                                "k": "name",
                                "v": "Luna Slendy"
                              },
                              {
                                "k": "username",
                                "v": "Luna-slendy"
                              }
                            ]
                          }
                        },
                        {
                          "k": "committer",
                          "v": {
                            "t": 2,
                            "d": [
                              {
                                "k": "email",
                                "v": "flawyplay2.0@gmail.com"
                              },
                              {
                                "k": "name",
                                "v": "Luna Slendy"
                              },
                              {
                                "k": "username",
                                "v": "Luna-slendy"
                              }
                            ]
                          }
                        },
                        {
                          "k": "distinct",
                          "v": true
                        },
                        {
                          "k": "id",
                          "v": "987ad57395a895d80436360d7292ad2d43600f89"
                        },
                        {
                          "k": "message",
                          "v": "update"
                        },
                        {
                          "k": "timestamp",
                          "v": "2026-04-17T13:37:56+03:00"
                        },
                        {
                          "k": "tree_id",
                          "v": "a3b0a2e3e70f51f04919dd6dca92f8fa45c5bcef"
                        },
                        {
                          "k": "url",
                          "v": "https://github.com/Luna-slendy/Hello/commit/987ad57395a895d80436360d7292ad2d43600f89"
                        }
                      ]
                    }
                  ]
                }
              },
              {
                "k": "compare",
                "v": "https://github.com/Luna-slendy/Hello/compare/be1265dd750e...987ad57395a8"
              },
              {
                "k": "created",
                "v": false
              },
              {
                "k": "deleted",
                "v": false
              },
              {
                "k": "forced",
                "v": false
              },
              {
                "k": "head_commit",
                "v": {
                  "t": 2,
                  "d": [
                    {
                      "k": "author",
                      "v": {
                        "t": 2,
                        "d": [
                          {
                            "k": "email",
                            "v": "flawyplay2.0@gmail.com"
                          },
                          {
                            "k": "name",
                            "v": "Luna Slendy"
                          },
                          {
                            "k": "username",
                            "v": "Luna-slendy"
                          }
                        ]
                      }
                    },
                    {
                      "k": "committer",
                      "v": {
                        "t": 2,
                        "d": [
                          {
                            "k": "email",
                            "v": "flawyplay2.0@gmail.com"
                          },
                          {
                            "k": "name",
                            "v": "Luna Slendy"
                          },
                          {
                            "k": "username",
                            "v": "Luna-slendy"
                          }
                        ]
                      }
                    },
                    {
                      "k": "distinct",
                      "v": true
                    },
                    {
                      "k": "id",
                      "v": "987ad57395a895d80436360d7292ad2d43600f89"
                    },
                    {
                      "k": "message",
                      "v": "update"
                    },
                    {
                      "k": "timestamp",
                      "v": "2026-04-17T13:37:56+03:00"
                    },
                    {
                      "k": "tree_id",
                      "v": "a3b0a2e3e70f51f04919dd6dca92f8fa45c5bcef"
                    },
                    {
                      "k": "url",
                      "v": "https://github.com/Luna-slendy/Hello/commit/987ad57395a895d80436360d7292ad2d43600f89"
                    }
                  ]
                }
              },
              {
                "k": "pusher",
                "v": {
                  "t": 2,
                  "d": [
                    {
                      "k": "email",
                      "v": "154507618+Luna-slendy@users.noreply.github.com"
                    },
                    {
                      "k": "name",
                      "v": "Luna-slendy"
                    }
                  ]
                }
              },
              {
                "k": "ref",
                "v": "refs/heads/main"
              },
              {
                "k": "repository",
                "v": {
                  "t": 2,
                  "d": [
                    {
                      "k": "allow_forking",
                      "v": true
                    },
                    {
                      "k": "archive_url",
                      "v": "https://api.github.com/repos/Luna-slendy/Hello/{archive_format}{/ref}"
                    },
                    {
                      "k": "archived",
                      "v": false
                    },
                    {
                      "k": "assignees_url",
                      "v": "https://api.github.com/repos/Luna-slendy/Hello/assignees{/user}"
                    },
                    {
                      "k": "blobs_url",
                      "v": "https://api.github.com/repos/Luna-slendy/Hello/git/blobs{/sha}"
                    },
                    {
                      "k": "branches_url",
                      "v": "https://api.github.com/repos/Luna-slendy/Hello/branches{/branch}"
                    },
                    {
                      "k": "clone_url",
                      "v": "https://github.com/Luna-slendy/Hello.git"
                    },
                    {
                      "k": "collaborators_url",
                      "v": "https://api.github.com/repos/Luna-slendy/Hello/collaborators{/collaborator}"
                    },
                    {
                      "k": "comments_url",
                      "v": "https://api.github.com/repos/Luna-slendy/Hello/comments{/number}"
                    },
                    {
                      "k": "commits_url",
                      "v": "https://api.github.com/repos/Luna-slendy/Hello/commits{/sha}"
                    },
                    {
                      "k": "compare_url",
                      "v": "https://api.github.com/repos/Luna-slendy/Hello/compare/{base}...{head}"
                    },
                    {
                      "k": "contents_url",
                      "v": "https://api.github.com/repos/Luna-slendy/Hello/contents/{+path}"
                    },
                    {
                      "k": "contributors_url",
                      "v": "https://api.github.com/repos/Luna-slendy/Hello/contributors"
                    },
                    {
                      "k": "created_at",
                      "v": 1776334417.0
                    },
                    {
                      "k": "default_branch",
                      "v": "main"
                    },
                    {
                      "k": "deployments_url",
                      "v": "https://api.github.com/repos/Luna-slendy/Hello/deployments"
                    },
                    {
                      "k": "description",
                      "v": null
                    },
                    {
                      "k": "disabled",
                      "v": false
                    },
                    {
                      "k": "downloads_url",
                      "v": "https://api.github.com/repos/Luna-slendy/Hello/downloads"
                    },
                    {
                      "k": "events_url",
                      "v": "https://api.github.com/repos/Luna-slendy/Hello/events"
                    },
                    {
                      "k": "fork",
                      "v": false
                    },
                    {
                      "k": "forks",
                      "v": 0.0
                    },
                    {
                      "k": "forks_count",
                      "v": 0.0
                    },
                    {
                      "k": "forks_url",
                      "v": "https://api.github.com/repos/Luna-slendy/Hello/forks"
                    },
                    {
                      "k": "full_name",
                      "v": "Luna-slendy/Hello"
                    },
                    {
                      "k": "git_commits_url",
                      "v": "https://api.github.com/repos/Luna-slendy/Hello/git/commits{/sha}"
                    },
                    {
                      "k": "git_refs_url",
                      "v": "https://api.github.com/repos/Luna-slendy/Hello/git/refs{/sha}"
                    },
                    {
                      "k": "git_tags_url",
                      "v": "https://api.github.com/repos/Luna-slendy/Hello/git/tags{/sha}"
                    },
                    {
                      "k": "git_url",
                      "v": "git://github.com/Luna-slendy/Hello.git"
                    },
                    {
                      "k": "has_discussions",
                      "v": false
                    },
                    {
                      "k": "has_downloads",
                      "v": true
                    },
                    {
                      "k": "has_issues",
                      "v": true
                    },
                    {
                      "k": "has_pages",
                      "v": false
                    },
                    {
                      "k": "has_projects",
                      "v": true
                    },
                    {
                      "k": "has_pull_requests",
                      "v": true
                    },
                    {
                      "k": "has_wiki",
                      "v": true
                    },
                    {
                      "k": "homepage",
                      "v": null
                    },
                    {
                      "k": "hooks_url",
                      "v": "https://api.github.com/repos/Luna-slendy/Hello/hooks"
                    },
                    {
                      "k": "html_url",
                      "v": "https://github.com/Luna-slendy/Hello"
                    },
                    {
                      "k": "id",
                      "v": 1212376964.0
                    },
                    {
                      "k": "is_template",
                      "v": false
                    },
                    {
                      "k": "issue_comment_url",
                      "v": "https://api.github.com/repos/Luna-slendy/Hello/issues/comments{/number}"
                    },
                    {
                      "k": "issue_events_url",
                      "v": "https://api.github.com/repos/Luna-slendy/Hello/issues/events{/number}"
                    },
                    {
                      "k": "issues_url",
                      "v": "https://api.github.com/repos/Luna-slendy/Hello/issues{/number}"
                    },
                    {
                      "k": "keys_url",
                      "v": "https://api.github.com/repos/Luna-slendy/Hello/keys{/key_id}"
                    },
                    {
                      "k": "labels_url",
                      "v": "https://api.github.com/repos/Luna-slendy/Hello/labels{/name}"
                    },
                    {
                      "k": "language",
                      "v": "Python"
                    },
                    {
                      "k": "languages_url",
                      "v": "https://api.github.com/repos/Luna-slendy/Hello/languages"
                    },
                    {
                      "k": "license",
                      "v": null
                    },
                    {
                      "k": "master_branch",
                      "v": "main"
                    },
                    {
                      "k": "merges_url",
                      "v": "https://api.github.com/repos/Luna-slendy/Hello/merges"
                    },
                    {
                      "k": "milestones_url",
                      "v": "https://api.github.com/repos/Luna-slendy/Hello/milestones{/number}"
                    },
                    {
                      "k": "mirror_url",
                      "v": null
                    },
                    {
                      "k": "name",
                      "v": "Hello"
                    },
                    {
                      "k": "node_id",
                      "v": "R_kgDOSENnhA"
                    },
                    {
                      "k": "notifications_url",
                      "v": "https://api.github.com/repos/Luna-slendy/Hello/notifications{?since,all,participating}"
                    },
                    {
                      "k": "open_issues",
                      "v": 0.0
                    },
                    {
                      "k": "open_issues_count",
                      "v": 0.0
                    },
                    {
                      "k": "owner",
                      "v": {
                        "t": 2,
                        "d": [
                          {
                            "k": "avatar_url",
                            "v": "https://avatars.githubusercontent.com/u/154507618?v=4"
                          },
                          {
                            "k": "email",
                            "v": "154507618+Luna-slendy@users.noreply.github.com"
                          },
                          {
                            "k": "events_url",
                            "v": "https://api.github.com/users/Luna-slendy/events{/privacy}"
                          },
                          {
                            "k": "followers_url",
                            "v": "https://api.github.com/users/Luna-slendy/followers"
                          },
                          {
                            "k": "following_url",
                            "v": "https://api.github.com/users/Luna-slendy/following{/other_user}"
                          },
                          {
                            "k": "gists_url",
                            "v": "https://api.github.com/users/Luna-slendy/gists{/gist_id}"
                          },
                          {
                            "k": "gravatar_id",
                            "v": ""
                          },
                          {
                            "k": "html_url",
                            "v": "https://github.com/Luna-slendy"
                          },
                          {
                            "k": "id",
                            "v": 154507618.0
                          },
                          {
                            "k": "login",
                            "v": "Luna-slendy"
                          },
                          {
                            "k": "name",
                            "v": "Luna-slendy"
                          },
                          {
                            "k": "node_id",
                            "v": "U_kgDOCTWZYg"
                          },
                          {
                            "k": "organizations_url",
                            "v": "https://api.github.com/users/Luna-slendy/orgs"
                          },
                          {
                            "k": "received_events_url",
                            "v": "https://api.github.com/users/Luna-slendy/received_events"
                          },
                          {
                            "k": "repos_url",
                            "v": "https://api.github.com/users/Luna-slendy/repos"
                          },
                          {
                            "k": "site_admin",
                            "v": false
                          },
                          {
                            "k": "starred_url",
                            "v": "https://api.github.com/users/Luna-slendy/starred{/owner}{/repo}"
                          },
                          {
                            "k": "subscriptions_url",
                            "v": "https://api.github.com/users/Luna-slendy/subscriptions"
                          },
                          {
                            "k": "type",
                            "v": "User"
                          },
                          {
                            "k": "url",
                            "v": "https://api.github.com/users/Luna-slendy"
                          },
                          {
                            "k": "user_view_type",
                            "v": "public"
                          }
                        ]
                      }
                    },
                    {
                      "k": "private",
                      "v": false
                    },
                    {
                      "k": "pull_request_creation_policy",
                      "v": "all"
                    },
                    {
                      "k": "pulls_url",
                      "v": "https://api.github.com/repos/Luna-slendy/Hello/pulls{/number}"
                    },
                    {
                      "k": "pushed_at",
                      "v": 1776422356.0
                    },
                    {
                      "k": "releases_url",
                      "v": "https://api.github.com/repos/Luna-slendy/Hello/releases{/id}"
                    },
                    {
                      "k": "size",
                      "v": 9.0
                    },
                    {
                      "k": "ssh_url",
                      "v": "git@github.com:Luna-slendy/Hello.git"
                    },
                    {
                      "k": "stargazers",
                      "v": 0.0
                    },
                    {
                      "k": "stargazers_count",
                      "v": 0.0
                    },
                    {
                      "k": "stargazers_url",
                      "v": "https://api.github.com/repos/Luna-slendy/Hello/stargazers"
                    },
                    {
                      "k": "statuses_url",
                      "v": "https://api.github.com/repos/Luna-slendy/Hello/statuses/{sha}"
                    },
                    {
                      "k": "subscribers_url",
                      "v": "https://api.github.com/repos/Luna-slendy/Hello/subscribers"
                    },
                    {
                      "k": "subscription_url",
                      "v": "https://api.github.com/repos/Luna-slendy/Hello/subscription"
                    },
                    {
                      "k": "svn_url",
                      "v": "https://github.com/Luna-slendy/Hello"
                    },
                    {
                      "k": "tags_url",
                      "v": "https://api.github.com/repos/Luna-slendy/Hello/tags"
                    },
                    {
                      "k": "teams_url",
                      "v": "https://api.github.com/repos/Luna-slendy/Hello/teams"
                    },
                    {
                      "k": "topics",
                      "v": {
                        "t": 1
                      }
                    },
                    {
                      "k": "trees_url",
                      "v": "https://api.github.com/repos/Luna-slendy/Hello/git/trees{/sha}"
                    },
                    {
                      "k": "updated_at",
                      "v": "2026-04-17T09:19:25Z"
                    },
                    {
                      "k": "url",
                      "v": "https://api.github.com/repos/Luna-slendy/Hello"
                    },
                    {
                      "k": "visibility",
                      "v": "public"
                    },
                    {
                      "k": "watchers",
                      "v": 0.0
                    },
                    {
                      "k": "watchers_count",
                      "v": 0.0
                    },
                    {
                      "k": "web_commit_signoff_required",
                      "v": false
                    }
                  ]
                }
              },
              {
                "k": "sender",
                "v": {
                  "t": 2,
                  "d": [
                    {
                      "k": "avatar_url",
                      "v": "https://avatars.githubusercontent.com/u/154507618?v=4"
                    },
                    {
                      "k": "events_url",
                      "v": "https://api.github.com/users/Luna-slendy/events{/privacy}"
                    },
                    {
                      "k": "followers_url",
                      "v": "https://api.github.com/users/Luna-slendy/followers"
                    },
                    {
                      "k": "following_url",
                      "v": "https://api.github.com/users/Luna-slendy/following{/other_user}"
                    },
                    {
                      "k": "gists_url",
                      "v": "https://api.github.com/users/Luna-slendy/gists{/gist_id}"
                    },
                    {
                      "k": "gravatar_id",
                      "v": ""
                    },
                    {
                      "k": "html_url",
                      "v": "https://github.com/Luna-slendy"
                    },
                    {
                      "k": "id",
                      "v": 154507618.0
                    },
                    {
                      "k": "login",
                      "v": "Luna-slendy"
                    },
                    {
                      "k": "node_id",
                      "v": "U_kgDOCTWZYg"
                    },
                    {
                      "k": "organizations_url",
                      "v": "https://api.github.com/users/Luna-slendy/orgs"
                    },
                    {
                      "k": "received_events_url",
                      "v": "https://api.github.com/users/Luna-slendy/received_events"
                    },
                    {
                      "k": "repos_url",
                      "v": "https://api.github.com/users/Luna-slendy/repos"
                    },
                    {
                      "k": "site_admin",
                      "v": false
                    },
                    {
                      "k": "starred_url",
                      "v": "https://api.github.com/users/Luna-slendy/starred{/owner}{/repo}"
                    },
                    {
                      "k": "subscriptions_url",
                      "v": "https://api.github.com/users/Luna-slendy/subscriptions"
                    },
                    {
                      "k": "type",
                      "v": "User"
                    },
                    {
                      "k": "url",
                      "v": "https://api.github.com/users/Luna-slendy"
                    },
                    {
                      "k": "user_view_type",
                      "v": "public"
                    }
                  ]
                }
              }
            ]
          }
        },
        {
          "k": "workflow_ref",
          "v": "Luna-slendy/Hello/.github/workflows/pipeline.yml@refs/heads/main"
        },
        {
          "k": "workflow_sha",
          "v": "987ad57395a895d80436360d7292ad2d43600f89"
        },
        {
          "k": "repository_id",
          "v": "1212376964"
        },
        {
          "k": "triggering_actor",
          "v": "Luna-slendy"
        }
      ]
    },
    "inputs": {
      "t": 2
    },
    "job": {
      "t": 2,
      "d": [
        {
          "k": "check_run_id",
          "v": 71809090875.0
        },
        {
          "k": "workflow_ref",
          "v": "Luna-slendy/Hello/.github/workflows/pipeline.yml@refs/heads/main"
        },
        {
          "k": "workflow_sha",
          "v": "987ad57395a895d80436360d7292ad2d43600f89"
        },
        {
          "k": "workflow_repository",
          "v": "Luna-slendy/Hello"
        },
        {
          "k": "workflow_file_path",
          "v": ".github/workflows/pipeline.yml"
        }
      ]
    },
    "matrix": null,
    "needs": {
      "t": 2
    },
    "strategy": {
      "t": 2,
      "d": [
        {
          "k": "fail-fast",
          "v": true
        },
        {
          "k": "job-index",
          "v": 0.0
        },
        {
          "k": "job-total",
          "v": 1.0
        },
        {
          "k": "max-parallel",
          "v": 1.0
        }
      ]
    },
    "vars": {
      "t": 2
    }
  },
  "billingOwnerId": "U_kgDOCTWZYg"
}
[2026-04-17 10:39:22Z INFO JobRunner] Job ID dad7a6eb-ae20-589c-a563-2972f201d82e
[2026-04-17 10:39:22Z INFO ConfigurationStore] currentAssemblyLocation: C:\Users\flawy\Documents\pipeline\main\Hello\actions-runner\bin\Runner.Worker.dll
[2026-04-17 10:39:22Z INFO HostContext] Well known directory 'Bin': 'C:\Users\flawy\Documents\pipeline\main\Hello\actions-runner\bin'
[2026-04-17 10:39:22Z INFO ConfigurationStore] binPath: C:\Users\flawy\Documents\pipeline\main\Hello\actions-runner\bin
[2026-04-17 10:39:22Z INFO HostContext] Well known directory 'Bin': 'C:\Users\flawy\Documents\pipeline\main\Hello\actions-runner\bin'
[2026-04-17 10:39:22Z INFO HostContext] Well known directory 'Root': 'C:\Users\flawy\Documents\pipeline\main\Hello\actions-runner'
[2026-04-17 10:39:22Z INFO ConfigurationStore] RootFolder: C:\Users\flawy\Documents\pipeline\main\Hello\actions-runner
[2026-04-17 10:39:22Z INFO HostContext] Well known directory 'Bin': 'C:\Users\flawy\Documents\pipeline\main\Hello\actions-runner\bin'
[2026-04-17 10:39:22Z INFO HostContext] Well known directory 'Root': 'C:\Users\flawy\Documents\pipeline\main\Hello\actions-runner'
[2026-04-17 10:39:22Z INFO HostContext] Well known config file 'Runner': 'C:\Users\flawy\Documents\pipeline\main\Hello\actions-runner\.runner'
[2026-04-17 10:39:22Z INFO ConfigurationStore] ConfigFilePath: C:\Users\flawy\Documents\pipeline\main\Hello\actions-runner\.runner
[2026-04-17 10:39:22Z INFO HostContext] Well known directory 'Bin': 'C:\Users\flawy\Documents\pipeline\main\Hello\actions-runner\bin'
[2026-04-17 10:39:22Z INFO HostContext] Well known directory 'Root': 'C:\Users\flawy\Documents\pipeline\main\Hello\actions-runner'
[2026-04-17 10:39:22Z INFO HostContext] Well known config file 'MigratedRunner': 'C:\Users\flawy\Documents\pipeline\main\Hello\actions-runner\.runner_migrated'
[2026-04-17 10:39:22Z INFO ConfigurationStore] MigratedConfigFilePath: C:\Users\flawy\Documents\pipeline\main\Hello\actions-runner\.runner_migrated
[2026-04-17 10:39:22Z INFO HostContext] Well known directory 'Bin': 'C:\Users\flawy\Documents\pipeline\main\Hello\actions-runner\bin'
[2026-04-17 10:39:22Z INFO HostContext] Well known directory 'Root': 'C:\Users\flawy\Documents\pipeline\main\Hello\actions-runner'
[2026-04-17 10:39:22Z INFO HostContext] Well known config file 'Credentials': 'C:\Users\flawy\Documents\pipeline\main\Hello\actions-runner\.credentials'
[2026-04-17 10:39:22Z INFO ConfigurationStore] CredFilePath: C:\Users\flawy\Documents\pipeline\main\Hello\actions-runner\.credentials
[2026-04-17 10:39:22Z INFO HostContext] Well known directory 'Bin': 'C:\Users\flawy\Documents\pipeline\main\Hello\actions-runner\bin'
[2026-04-17 10:39:22Z INFO HostContext] Well known directory 'Root': 'C:\Users\flawy\Documents\pipeline\main\Hello\actions-runner'
[2026-04-17 10:39:22Z INFO HostContext] Well known config file 'MigratedCredentials': 'C:\Users\flawy\Documents\pipeline\main\Hello\actions-runner\.credentials_migrated'
[2026-04-17 10:39:22Z INFO ConfigurationStore] MigratedCredFilePath: C:\Users\flawy\Documents\pipeline\main\Hello\actions-runner\.credentials_migrated
[2026-04-17 10:39:22Z INFO HostContext] Well known directory 'Bin': 'C:\Users\flawy\Documents\pipeline\main\Hello\actions-runner\bin'
[2026-04-17 10:39:22Z INFO HostContext] Well known directory 'Root': 'C:\Users\flawy\Documents\pipeline\main\Hello\actions-runner'
[2026-04-17 10:39:22Z INFO HostContext] Well known config file 'Service': 'C:\Users\flawy\Documents\pipeline\main\Hello\actions-runner\.service'
[2026-04-17 10:39:22Z INFO ConfigurationStore] ServiceConfigFilePath: C:\Users\flawy\Documents\pipeline\main\Hello\actions-runner\.service
[2026-04-17 10:39:22Z INFO ConfigurationStore] Read setting file: 390 chars
[2026-04-17 10:39:22Z INFO JobRunner] Initializing launch client
[2026-04-17 10:39:22Z INFO JobServerQueue] Initializing results client
[2026-04-17 10:39:22Z INFO ResultServer] Creating websocket client ...wss://results-receiver.actions.githubusercontent.com/_ws/ingest.sock
[2026-04-17 10:39:22Z INFO ResultServer] Attempting to start websocket client with delay 00:00:00.
[2026-04-17 10:39:22Z INFO JobServerQueue] Start process web console line queue.
[2026-04-17 10:39:22Z INFO JobServerQueue] Start process file upload queue.
[2026-04-17 10:39:22Z INFO JobServerQueue] Start results file upload queue.
[2026-04-17 10:39:22Z INFO JobServerQueue] Starting results-based upload queue...
[2026-04-17 10:39:22Z INFO JobServerQueue] Start process timeline update queue.
[2026-04-17 10:39:22Z INFO ExecutionContext] Initializing Job context
[2026-04-17 10:39:22Z INFO ExecutionContext] Initialize GitHub context
[2026-04-17 10:39:22Z INFO ExecutionContext] Initialize Env context
[2026-04-17 10:39:22Z INFO HostContext] Well known directory 'Bin': 'C:\Users\flawy\Documents\pipeline\main\Hello\actions-runner\bin'
[2026-04-17 10:39:22Z INFO HostContext] Well known directory 'Root': 'C:\Users\flawy\Documents\pipeline\main\Hello\actions-runner'
[2026-04-17 10:39:22Z INFO HostContext] Well known directory 'Diag': 'C:\Users\flawy\Documents\pipeline\main\Hello\actions-runner\_diag'
[2026-04-17 10:39:22Z INFO HostContext] Well known directory 'Bin': 'C:\Users\flawy\Documents\pipeline\main\Hello\actions-runner\bin'
[2026-04-17 10:39:22Z INFO HostContext] Well known directory 'Root': 'C:\Users\flawy\Documents\pipeline\main\Hello\actions-runner'
[2026-04-17 10:39:22Z INFO HostContext] Well known directory 'Diag': 'C:\Users\flawy\Documents\pipeline\main\Hello\actions-runner\_diag'
[2026-04-17 10:39:22Z INFO JobRunner] Starting the job execution context.
[2026-04-17 10:39:22Z INFO HostContext] Well known directory 'Bin': 'C:\Users\flawy\Documents\pipeline\main\Hello\actions-runner\bin'
[2026-04-17 10:39:22Z INFO HostContext] Well known directory 'Root': 'C:\Users\flawy\Documents\pipeline\main\Hello\actions-runner'
[2026-04-17 10:39:22Z INFO HostContext] Well known directory 'Work': 'C:\Users\flawy\Documents\pipeline\main\Hello\actions-runner\_work'
[2026-04-17 10:39:22Z INFO JobRunner] Validating directory permissions for: 'C:\Users\flawy\Documents\pipeline\main\Hello\actions-runner\_work'
[2026-04-17 10:39:22Z INFO HostContext] Well known directory 'Bin': 'C:\Users\flawy\Documents\pipeline\main\Hello\actions-runner\bin'
[2026-04-17 10:39:22Z INFO HostContext] Well known directory 'Root': 'C:\Users\flawy\Documents\pipeline\main\Hello\actions-runner'
[2026-04-17 10:39:22Z INFO HostContext] Well known directory 'Work': 'C:\Users\flawy\Documents\pipeline\main\Hello\actions-runner\_work'
[2026-04-17 10:39:22Z INFO HostContext] Well known directory 'Tools': 'C:\Users\flawy\Documents\pipeline\main\Hello\actions-runner\_work\_tool'
[2026-04-17 10:39:22Z INFO HostContext] Well known directory 'Bin': 'C:\Users\flawy\Documents\pipeline\main\Hello\actions-runner\bin'
[2026-04-17 10:39:22Z INFO HostContext] Well known directory 'Root': 'C:\Users\flawy\Documents\pipeline\main\Hello\actions-runner'
[2026-04-17 10:39:22Z INFO HostContext] Well known directory 'Work': 'C:\Users\flawy\Documents\pipeline\main\Hello\actions-runner\_work'
[2026-04-17 10:39:22Z INFO HostContext] Well known directory 'Temp': 'C:\Users\flawy\Documents\pipeline\main\Hello\actions-runner\_work\_temp'
[2026-04-17 10:39:22Z INFO JobRunner] Getting job extension.
[2026-04-17 10:39:22Z INFO JobRunner] Initialize job. Getting all job steps.
[2026-04-17 10:39:22Z INFO HostContext] Well known directory 'Bin': 'C:\Users\flawy\Documents\pipeline\main\Hello\actions-runner\bin'
[2026-04-17 10:39:22Z INFO HostContext] Well known directory 'Root': 'C:\Users\flawy\Documents\pipeline\main\Hello\actions-runner'
[2026-04-17 10:39:22Z INFO HostContext] Well known directory 'Diag': 'C:\Users\flawy\Documents\pipeline\main\Hello\actions-runner\_diag'
[2026-04-17 10:39:22Z INFO HostContext] Well known directory 'Bin': 'C:\Users\flawy\Documents\pipeline\main\Hello\actions-runner\bin'
[2026-04-17 10:39:22Z INFO HostContext] Well known directory 'Root': 'C:\Users\flawy\Documents\pipeline\main\Hello\actions-runner'
[2026-04-17 10:39:22Z INFO HostContext] Well known directory 'Diag': 'C:\Users\flawy\Documents\pipeline\main\Hello\actions-runner\_diag'
[2026-04-17 10:39:22Z INFO HostContext] Well known directory 'Bin': 'C:\Users\flawy\Documents\pipeline\main\Hello\actions-runner\bin'
[2026-04-17 10:39:22Z INFO HostContext] Well known directory 'Root': 'C:\Users\flawy\Documents\pipeline\main\Hello\actions-runner'
[2026-04-17 10:39:22Z INFO HostContext] Well known config file 'Credentials': 'C:\Users\flawy\Documents\pipeline\main\Hello\actions-runner\.credentials'
[2026-04-17 10:39:22Z INFO HostContext] Well known directory 'Bin': 'C:\Users\flawy\Documents\pipeline\main\Hello\actions-runner\bin'
[2026-04-17 10:39:22Z INFO HostContext] Well known directory 'Root': 'C:\Users\flawy\Documents\pipeline\main\Hello\actions-runner'
[2026-04-17 10:39:22Z INFO HostContext] Well known config file 'SetupInfo': 'C:\Users\flawy\Documents\pipeline\main\Hello\actions-runner\.setup_info'
[2026-04-17 10:39:22Z INFO HostContext] Well known directory 'Bin': 'C:\Users\flawy\Documents\pipeline\main\Hello\actions-runner\bin'
[2026-04-17 10:39:22Z INFO HostContext] Well known directory 'Root': 'C:\Users\flawy\Documents\pipeline\main\Hello\actions-runner'
[2026-04-17 10:39:22Z INFO HostContext] Well known directory 'Work': 'C:\Users\flawy\Documents\pipeline\main\Hello\actions-runner\_work'
[2026-04-17 10:39:22Z INFO PipelineDirectoryManager] Loading tracking config if exists: C:\Users\flawy\Documents\pipeline\main\Hello\actions-runner\_work\_PipelineMapping\Luna-slendy/Hello\PipelineFolder.json
[2026-04-17 10:39:22Z INFO PipelineDirectoryManager] Creating a new tracking config file.
[2026-04-17 10:39:22Z INFO HostContext] Well known directory 'Bin': 'C:\Users\flawy\Documents\pipeline\main\Hello\actions-runner\bin'
[2026-04-17 10:39:22Z INFO HostContext] Well known directory 'Root': 'C:\Users\flawy\Documents\pipeline\main\Hello\actions-runner'
[2026-04-17 10:39:22Z INFO HostContext] Well known directory 'Work': 'C:\Users\flawy\Documents\pipeline\main\Hello\actions-runner\_work'
[2026-04-17 10:39:22Z INFO PipelineDirectoryManager] Creating pipeline directory.
[2026-04-17 10:39:22Z INFO HostContext] Well known directory 'Bin': 'C:\Users\flawy\Documents\pipeline\main\Hello\actions-runner\bin'
[2026-04-17 10:39:22Z INFO HostContext] Well known directory 'Root': 'C:\Users\flawy\Documents\pipeline\main\Hello\actions-runner'
[2026-04-17 10:39:22Z INFO HostContext] Well known directory 'Work': 'C:\Users\flawy\Documents\pipeline\main\Hello\actions-runner\_work'
[2026-04-17 10:39:22Z INFO PipelineDirectoryManager] Creating workspace directory.
[2026-04-17 10:39:22Z INFO HostContext] Well known directory 'Bin': 'C:\Users\flawy\Documents\pipeline\main\Hello\actions-runner\bin'
[2026-04-17 10:39:22Z INFO HostContext] Well known directory 'Root': 'C:\Users\flawy\Documents\pipeline\main\Hello\actions-runner'
[2026-04-17 10:39:22Z INFO HostContext] Well known directory 'Work': 'C:\Users\flawy\Documents\pipeline\main\Hello\actions-runner\_work'
[2026-04-17 10:39:22Z INFO JobExtension] Downloading actions
[2026-04-17 10:39:22Z INFO HostContext] Well known directory 'Bin': 'C:\Users\flawy\Documents\pipeline\main\Hello\actions-runner\bin'
[2026-04-17 10:39:22Z INFO HostContext] Well known directory 'Root': 'C:\Users\flawy\Documents\pipeline\main\Hello\actions-runner'
[2026-04-17 10:39:22Z INFO HostContext] Well known directory 'Work': 'C:\Users\flawy\Documents\pipeline\main\Hello\actions-runner\_work'
[2026-04-17 10:39:22Z INFO HostContext] Well known directory 'Actions': 'C:\Users\flawy\Documents\pipeline\main\Hello\actions-runner\_work\_actions'
[2026-04-17 10:39:23Z INFO Worker] Listening for cancel message from the channel.
[2026-04-17 10:39:23Z INFO Worker] Waiting for the job to complete or for a cancel message from the channel.
[2026-04-17 10:39:23Z INFO ResultServer] Successfully started websocket client.
[2026-04-17 10:39:23Z INFO JobServerQueue] Try to append 1 batches web console lines for record '2480089c-8c3d-4a75-8f3d-3586107ab4cf', success rate: 1/1.
[2026-04-17 10:39:23Z INFO HostContext] Well known directory 'Bin': 'C:\Users\flawy\Documents\pipeline\main\Hello\actions-runner\bin'
[2026-04-17 10:39:23Z INFO HostContext] Well known directory 'Root': 'C:\Users\flawy\Documents\pipeline\main\Hello\actions-runner'
[2026-04-17 10:39:23Z INFO HostContext] Well known directory 'Work': 'C:\Users\flawy\Documents\pipeline\main\Hello\actions-runner\_work'
[2026-04-17 10:39:23Z INFO HostContext] Well known directory 'Actions': 'C:\Users\flawy\Documents\pipeline\main\Hello\actions-runner\_work\_actions'
[2026-04-17 10:39:23Z INFO HostContext] Well known directory 'Bin': 'C:\Users\flawy\Documents\pipeline\main\Hello\actions-runner\bin'
[2026-04-17 10:39:23Z INFO HostContext] Well known directory 'Root': 'C:\Users\flawy\Documents\pipeline\main\Hello\actions-runner'
[2026-04-17 10:39:23Z INFO HostContext] Well known directory 'Work': 'C:\Users\flawy\Documents\pipeline\main\Hello\actions-runner\_work'
[2026-04-17 10:39:23Z INFO HostContext] Well known directory 'Actions': 'C:\Users\flawy\Documents\pipeline\main\Hello\actions-runner\_work\_actions'
[2026-04-17 10:39:23Z INFO ActionManager] Save archive 'https://api.github.com/repos/actions/checkout/zipball/34e114876b0b11c390a56381ad16ebd13914f8d5' into C:\Users\flawy\Documents\pipeline\main\Hello\actions-runner\_work\_actions\_temp_02d72e5b-6721-4e29-8421-c9b26b09a8df\3a304028-6e88-4135-8e73-44748d2bdaed.zip.
[2026-04-17 10:39:23Z INFO JobServerQueue] Try to append 1 batches web console lines for record '2480089c-8c3d-4a75-8f3d-3586107ab4cf', success rate: 1/1.
[2026-04-17 10:39:23Z INFO JobServerQueue] Job timeline record has been updated for the first time.
[2026-04-17 10:39:24Z INFO ActionManager] Request URL: https://api.github.com/repos/actions/checkout/zipball/34e114876b0b11c390a56381ad16ebd13914f8d5 X-GitHub-Request-Id: F089:37775:1EF4AC:24666F:69E20DDB Http Status: OK
[2026-04-17 10:39:24Z INFO ActionManager] Finished getting action repository.
[2026-04-17 10:39:24Z INFO HostContext] Well known directory 'Bin': 'C:\Users\flawy\Documents\pipeline\main\Hello\actions-runner\bin'
[2026-04-17 10:39:24Z INFO HostContext] Well known directory 'Root': 'C:\Users\flawy\Documents\pipeline\main\Hello\actions-runner'
[2026-04-17 10:39:24Z INFO HostContext] Well known directory 'Work': 'C:\Users\flawy\Documents\pipeline\main\Hello\actions-runner\_work'
[2026-04-17 10:39:24Z INFO HostContext] Well known directory 'Actions': 'C:\Users\flawy\Documents\pipeline\main\Hello\actions-runner\_work\_actions'
[2026-04-17 10:39:24Z INFO ActionManifestManagerLegacy] Load schema file with definitions: [
  "null",
  "boolean",
  "number",
  "string",
  "sequence",
  "mapping",
  "any",
  "action-root",
  "inputs",
  "input",
  "outputs",
  "output-definition",
  "runs",
  "container-runs",
  "container-runs-args",
  "container-runs-env",
  "node-runs",
  "plugin-runs",
  "composite-runs",
  "composite-steps",
  "composite-step",
  "run-step",
  "uses-step",
  "container-runs-context",
  "output-value",
  "input-default-context",
  "non-empty-string",
  "string-steps-context",
  "boolean-steps-context",
  "step-env",
  "step-if",
  "step-with"
]
[2026-04-17 10:39:24Z INFO ActionManifestManager] Load schema file with definitions: [
  "null",
  "boolean",
  "number",
  "string",
  "sequence",
  "mapping",
  "any",
  "action-root",
  "inputs",
  "input",
  "outputs",
  "output-definition",
  "runs",
  "container-runs",
  "container-runs-args",
  "container-runs-env",
  "node-runs",
  "plugin-runs",
  "composite-runs",
  "composite-steps",
  "composite-step",
  "run-step",
  "uses-step",
  "container-runs-context",
  "output-value",
  "input-default-context",
  "non-empty-string",
  "string-steps-context",
  "boolean-steps-context",
  "step-env",
  "step-if",
  "step-with"
]
[2026-04-17 10:39:24Z INFO HostContext] Well known directory 'Bin': 'C:\Users\flawy\Documents\pipeline\main\Hello\actions-runner\bin'
[2026-04-17 10:39:24Z INFO HostContext] Well known directory 'Root': 'C:\Users\flawy\Documents\pipeline\main\Hello\actions-runner'
[2026-04-17 10:39:24Z INFO HostContext] Well known directory 'Work': 'C:\Users\flawy\Documents\pipeline\main\Hello\actions-runner\_work'
[2026-04-17 10:39:24Z INFO HostContext] Well known directory 'Actions': 'C:\Users\flawy\Documents\pipeline\main\Hello\actions-runner\_work\_actions'
[2026-04-17 10:39:25Z INFO ActionManifestManagerLegacy] Loaded action.yml file: {
  "name": "Checkout",
  "description": "Checkout a Git repository at a particular version",
  "inputs": {
    "type": 2,
    "map": [
      {
        "key": {
          "type": 0,
          "file": 2,
          "line": 4,
          "col": 3,
          "lit": "repository"
        },
        "value": {
          "type": 3,
          "file": 2,
          "line": 6,
          "col": 14,
          "expr": "github.repository"
        }
      },
      {
        "key": {
          "type": 0,
          "file": 2,
          "line": 7,
          "col": 3,
          "lit": "ref"
        },
        "value": ""
      },
      {
        "key": {
          "type": 0,
          "file": 2,
          "line": 12,
          "col": 3,
          "lit": "token"
        },
        "value": {
          "type": 3,
          "file": 2,
          "line": 24,
          "col": 14,
          "expr": "github.token"
        }
      },
      {
        "key": {
          "type": 0,
          "file": 2,
          "line": 25,
          "col": 3,
          "lit": "ssh-key"
        },
        "value": ""
      },
      {
        "key": {
          "type": 0,
          "file": 2,
          "line": 37,
          "col": 3,
          "lit": "ssh-known-hosts"
        },
        "value": ""
      },
      {
        "key": {
          "type": 0,
          "file": 2,
          "line": 42,
          "col": 3,
          "lit": "ssh-strict"
        },
        "value": {
          "type": 0,
          "file": 2,
          "line": 47,
          "col": 14,
          "lit": "true"
        }
      },
      {
        "key": {
          "type": 0,
          "file": 2,
          "line": 48,
          "col": 3,
          "lit": "ssh-user"
        },
        "value": {
          "type": 0,
          "file": 2,
          "line": 51,
          "col": 14,
          "lit": "git"
        }
      },
      {
        "key": {
          "type": 0,
          "file": 2,
          "line": 52,
          "col": 3,
          "lit": "persist-credentials"
        },
        "value": {
          "type": 0,
          "file": 2,
          "line": 54,
          "col": 14,
          "lit": "true"
        }
      },
      {
        "key": {
          "type": 0,
          "file": 2,
          "line": 55,
          "col": 3,
          "lit": "path"
        },
        "value": ""
      },
      {
        "key": {
          "type": 0,
          "file": 2,
          "line": 57,
          "col": 3,
          "lit": "clean"
        },
        "value": {
          "type": 0,
          "file": 2,
          "line": 59,
          "col": 14,
          "lit": "true"
        }
      },
      {
        "key": {
          "type": 0,
          "file": 2,
          "line": 60,
          "col": 3,
          "lit": "filter"
        },
        "value": {
          "type": 0,
          "file": 2,
          "line": 64,
          "col": 14,
          "lit": ""
        }
      },
      {
        "key": {
          "type": 0,
          "file": 2,
          "line": 65,
          "col": 3,
          "lit": "sparse-checkout"
        },
        "value": {
          "type": 0,
          "file": 2,
          "line": 69,
          "col": 14,
          "lit": ""
        }
      },
      {
        "key": {
          "type": 0,
          "file": 2,
          "line": 70,
          "col": 3,
          "lit": "sparse-checkout-cone-mode"
        },
        "value": {
          "type": 0,
          "file": 2,
          "line": 73,
          "col": 14,
          "lit": "true"
        }
      },
      {
        "key": {
          "type": 0,
          "file": 2,
          "line": 74,
          "col": 3,
          "lit": "fetch-depth"
        },
        "value": {
          "type": 0,
          "file": 2,
          "line": 76,
          "col": 14,
          "lit": "1"
        }
      },
      {
        "key": {
          "type": 0,
          "file": 2,
          "line": 77,
          "col": 3,
          "lit": "fetch-tags"
        },
        "value": {
          "type": 0,
          "file": 2,
          "line": 79,
          "col": 14,
          "lit": "false"
        }
      },
      {
        "key": {
          "type": 0,
          "file": 2,
          "line": 80,
          "col": 3,
          "lit": "show-progress"
        },
        "value": {
          "type": 0,
          "file": 2,
          "line": 82,
          "col": 14,
          "lit": "true"
        }
      },
      {
        "key": {
          "type": 0,
          "file": 2,
          "line": 83,
          "col": 3,
          "lit": "lfs"
        },
        "value": {
          "type": 0,
          "file": 2,
          "line": 85,
          "col": 14,
          "lit": "false"
        }
      },
      {
        "key": {
          "type": 0,
          "file": 2,
          "line": 86,
          "col": 3,
          "lit": "submodules"
        },
        "value": {
          "type": 0,
          "file": 2,
          "line": 94,
          "col": 14,
          "lit": "false"
        }
      },
      {
        "key": {
          "type": 0,
          "file": 2,
          "line": 95,
          "col": 3,
          "lit": "set-safe-directory"
        },
        "value": {
          "type": 0,
          "file": 2,
          "line": 97,
          "col": 14,
          "lit": "true"
        }
      },
      {
        "key": {
          "type": 0,
          "file": 2,
          "line": 98,
          "col": 3,
          "lit": "github-server-url"
        },
        "value": ""
      }
    ]
  },
  "execution": {
    "executionType": "nodeJS",
    "hasPre": false,
    "hasPost": true,
    "script": "dist/index.js",
    "pre": null,
    "post": "dist/index.js",
    "nodeVersion": "node20",
    "cleanupCondition": "always()",
    "initCondition": "always()"
  },
  "deprecated": null
}
[2026-04-17 10:39:25Z INFO ActionManager] Action node.js file: dist/index.js, no more preparation.
[2026-04-17 10:39:25Z INFO HostContext] Well known directory 'Bin': 'C:\Users\flawy\Documents\pipeline\main\Hello\actions-runner\bin'
[2026-04-17 10:39:25Z INFO HostContext] Well known directory 'Root': 'C:\Users\flawy\Documents\pipeline\main\Hello\actions-runner'
[2026-04-17 10:39:25Z INFO HostContext] Well known directory 'Work': 'C:\Users\flawy\Documents\pipeline\main\Hello\actions-runner\_work'
[2026-04-17 10:39:25Z INFO HostContext] Well known directory 'Actions': 'C:\Users\flawy\Documents\pipeline\main\Hello\actions-runner\_work\_actions'
[2026-04-17 10:39:25Z INFO ActionManager] Load action that reference repository from 'C:\Users\flawy\Documents\pipeline\main\Hello\actions-runner\_work\_actions\actions\checkout\v4'
[2026-04-17 10:39:25Z INFO HostContext] Well known directory 'Bin': 'C:\Users\flawy\Documents\pipeline\main\Hello\actions-runner\bin'
[2026-04-17 10:39:25Z INFO HostContext] Well known directory 'Root': 'C:\Users\flawy\Documents\pipeline\main\Hello\actions-runner'
[2026-04-17 10:39:25Z INFO HostContext] Well known directory 'Work': 'C:\Users\flawy\Documents\pipeline\main\Hello\actions-runner\_work'
[2026-04-17 10:39:25Z INFO HostContext] Well known directory 'Actions': 'C:\Users\flawy\Documents\pipeline\main\Hello\actions-runner\_work\_actions'
[2026-04-17 10:39:25Z INFO ActionManifestManagerLegacy] Loaded action.yml file: {
  "name": "Checkout",
  "description": "Checkout a Git repository at a particular version",
  "inputs": {
    "type": 2,
    "map": [
      {
        "key": {
          "type": 0,
          "file": 2,
          "line": 4,
          "col": 3,
          "lit": "repository"
        },
        "value": {
          "type": 3,
          "file": 2,
          "line": 6,
          "col": 14,
          "expr": "github.repository"
        }
      },
      {
        "key": {
          "type": 0,
          "file": 2,
          "line": 7,
          "col": 3,
          "lit": "ref"
        },
        "value": ""
      },
      {
        "key": {
          "type": 0,
          "file": 2,
          "line": 12,
          "col": 3,
          "lit": "token"
        },
        "value": {
          "type": 3,
          "file": 2,
          "line": 24,
          "col": 14,
          "expr": "github.token"
        }
      },
      {
        "key": {
          "type": 0,
          "file": 2,
          "line": 25,
          "col": 3,
          "lit": "ssh-key"
        },
        "value": ""
      },
      {
        "key": {
          "type": 0,
          "file": 2,
          "line": 37,
          "col": 3,
          "lit": "ssh-known-hosts"
        },
        "value": ""
      },
      {
        "key": {
          "type": 0,
          "file": 2,
          "line": 42,
          "col": 3,
          "lit": "ssh-strict"
        },
        "value": {
          "type": 0,
          "file": 2,
          "line": 47,
          "col": 14,
          "lit": "true"
        }
      },
      {
        "key": {
          "type": 0,
          "file": 2,
          "line": 48,
          "col": 3,
          "lit": "ssh-user"
        },
        "value": {
          "type": 0,
          "file": 2,
          "line": 51,
          "col": 14,
          "lit": "git"
        }
      },
      {
        "key": {
          "type": 0,
          "file": 2,
          "line": 52,
          "col": 3,
          "lit": "persist-credentials"
        },
        "value": {
          "type": 0,
          "file": 2,
          "line": 54,
          "col": 14,
          "lit": "true"
        }
      },
      {
        "key": {
          "type": 0,
          "file": 2,
          "line": 55,
          "col": 3,
          "lit": "path"
        },
        "value": ""
      },
      {
        "key": {
          "type": 0,
          "file": 2,
          "line": 57,
          "col": 3,
          "lit": "clean"
        },
        "value": {
          "type": 0,
          "file": 2,
          "line": 59,
          "col": 14,
          "lit": "true"
        }
      },
      {
        "key": {
          "type": 0,
          "file": 2,
          "line": 60,
          "col": 3,
          "lit": "filter"
        },
        "value": {
          "type": 0,
          "file": 2,
          "line": 64,
          "col": 14,
          "lit": ""
        }
      },
      {
        "key": {
          "type": 0,
          "file": 2,
          "line": 65,
          "col": 3,
          "lit": "sparse-checkout"
        },
        "value": {
          "type": 0,
          "file": 2,
          "line": 69,
          "col": 14,
          "lit": ""
        }
      },
      {
        "key": {
          "type": 0,
          "file": 2,
          "line": 70,
          "col": 3,
          "lit": "sparse-checkout-cone-mode"
        },
        "value": {
          "type": 0,
          "file": 2,
          "line": 73,
          "col": 14,
          "lit": "true"
        }
      },
      {
        "key": {
          "type": 0,
          "file": 2,
          "line": 74,
          "col": 3,
          "lit": "fetch-depth"
        },
        "value": {
          "type": 0,
          "file": 2,
          "line": 76,
          "col": 14,
          "lit": "1"
        }
      },
      {
        "key": {
          "type": 0,
          "file": 2,
          "line": 77,
          "col": 3,
          "lit": "fetch-tags"
        },
        "value": {
          "type": 0,
          "file": 2,
          "line": 79,
          "col": 14,
          "lit": "false"
        }
      },
      {
        "key": {
          "type": 0,
          "file": 2,
          "line": 80,
          "col": 3,
          "lit": "show-progress"
        },
        "value": {
          "type": 0,
          "file": 2,
          "line": 82,
          "col": 14,
          "lit": "true"
        }
      },
      {
        "key": {
          "type": 0,
          "file": 2,
          "line": 83,
          "col": 3,
          "lit": "lfs"
        },
        "value": {
          "type": 0,
          "file": 2,
          "line": 85,
          "col": 14,
          "lit": "false"
        }
      },
      {
        "key": {
          "type": 0,
          "file": 2,
          "line": 86,
          "col": 3,
          "lit": "submodules"
        },
        "value": {
          "type": 0,
          "file": 2,
          "line": 94,
          "col": 14,
          "lit": "false"
        }
      },
      {
        "key": {
          "type": 0,
          "file": 2,
          "line": 95,
          "col": 3,
          "lit": "set-safe-directory"
        },
        "value": {
          "type": 0,
          "file": 2,
          "line": 97,
          "col": 14,
          "lit": "true"
        }
      },
      {
        "key": {
          "type": 0,
          "file": 2,
          "line": 98,
          "col": 3,
          "lit": "github-server-url"
        },
        "value": ""
      }
    ]
  },
  "execution": {
    "executionType": "nodeJS",
    "hasPre": false,
    "hasPost": true,
    "script": "dist/index.js",
    "pre": null,
    "post": "dist/index.js",
    "nodeVersion": "node20",
    "cleanupCondition": "always()",
    "initCondition": "always()"
  },
  "deprecated": null
}
[2026-04-17 10:39:25Z INFO ActionManager] Action pre node.js file: N/A.
[2026-04-17 10:39:25Z INFO ActionManager] Action node.js file: dist/index.js.
[2026-04-17 10:39:25Z INFO ActionManager] Action post node.js file: dist/index.js.
[2026-04-17 10:39:25Z INFO JobExtension] Adding .
[2026-04-17 10:39:25Z INFO JobExtension] Adding .
[2026-04-17 10:39:25Z INFO JobExtension] Adding .
[2026-04-17 10:39:25Z INFO JobExtension] Adding .
[2026-04-17 10:39:25Z INFO HostContext] Well known directory 'Bin': 'C:\Users\flawy\Documents\pipeline\main\Hello\actions-runner\bin'
[2026-04-17 10:39:25Z INFO HostContext] Well known directory 'Root': 'C:\Users\flawy\Documents\pipeline\main\Hello\actions-runner'
[2026-04-17 10:39:25Z INFO HostContext] Well known directory 'Diag': 'C:\Users\flawy\Documents\pipeline\main\Hello\actions-runner\_diag'
[2026-04-17 10:39:25Z INFO HostContext] Well known directory 'Bin': 'C:\Users\flawy\Documents\pipeline\main\Hello\actions-runner\bin'
[2026-04-17 10:39:25Z INFO HostContext] Well known directory 'Root': 'C:\Users\flawy\Documents\pipeline\main\Hello\actions-runner'
[2026-04-17 10:39:25Z INFO HostContext] Well known directory 'Diag': 'C:\Users\flawy\Documents\pipeline\main\Hello\actions-runner\_diag'
[2026-04-17 10:39:25Z INFO HostContext] Well known directory 'Bin': 'C:\Users\flawy\Documents\pipeline\main\Hello\actions-runner\bin'
[2026-04-17 10:39:25Z INFO HostContext] Well known directory 'Root': 'C:\Users\flawy\Documents\pipeline\main\Hello\actions-runner'
[2026-04-17 10:39:25Z INFO HostContext] Well known directory 'Diag': 'C:\Users\flawy\Documents\pipeline\main\Hello\actions-runner\_diag'
[2026-04-17 10:39:25Z INFO HostContext] Well known directory 'Bin': 'C:\Users\flawy\Documents\pipeline\main\Hello\actions-runner\bin'
[2026-04-17 10:39:25Z INFO HostContext] Well known directory 'Root': 'C:\Users\flawy\Documents\pipeline\main\Hello\actions-runner'
[2026-04-17 10:39:25Z INFO HostContext] Well known directory 'Diag': 'C:\Users\flawy\Documents\pipeline\main\Hello\actions-runner\_diag'
[2026-04-17 10:39:25Z INFO HostContext] Well known directory 'Bin': 'C:\Users\flawy\Documents\pipeline\main\Hello\actions-runner\bin'
[2026-04-17 10:39:25Z INFO HostContext] Well known directory 'Root': 'C:\Users\flawy\Documents\pipeline\main\Hello\actions-runner'
[2026-04-17 10:39:25Z INFO HostContext] Well known directory 'Diag': 'C:\Users\flawy\Documents\pipeline\main\Hello\actions-runner\_diag'
[2026-04-17 10:39:25Z INFO HostContext] Well known directory 'Bin': 'C:\Users\flawy\Documents\pipeline\main\Hello\actions-runner\bin'
[2026-04-17 10:39:25Z INFO HostContext] Well known directory 'Root': 'C:\Users\flawy\Documents\pipeline\main\Hello\actions-runner'
[2026-04-17 10:39:25Z INFO HostContext] Well known directory 'Diag': 'C:\Users\flawy\Documents\pipeline\main\Hello\actions-runner\_diag'
[2026-04-17 10:39:25Z INFO HostContext] Well known directory 'Bin': 'C:\Users\flawy\Documents\pipeline\main\Hello\actions-runner\bin'
[2026-04-17 10:39:25Z INFO HostContext] Well known directory 'Root': 'C:\Users\flawy\Documents\pipeline\main\Hello\actions-runner'
[2026-04-17 10:39:25Z INFO HostContext] Well known directory 'Diag': 'C:\Users\flawy\Documents\pipeline\main\Hello\actions-runner\_diag'
[2026-04-17 10:39:25Z INFO HostContext] Well known directory 'Bin': 'C:\Users\flawy\Documents\pipeline\main\Hello\actions-runner\bin'
[2026-04-17 10:39:25Z INFO HostContext] Well known directory 'Root': 'C:\Users\flawy\Documents\pipeline\main\Hello\actions-runner'
[2026-04-17 10:39:25Z INFO HostContext] Well known directory 'Diag': 'C:\Users\flawy\Documents\pipeline\main\Hello\actions-runner\_diag'
[2026-04-17 10:39:25Z INFO JobExtension] Total accessible running process: 341.
[2026-04-17 10:39:25Z INFO HostContext] Well known directory 'Bin': 'C:\Users\flawy\Documents\pipeline\main\Hello\actions-runner\bin'
[2026-04-17 10:39:25Z INFO HostContext] Well known directory 'Root': 'C:\Users\flawy\Documents\pipeline\main\Hello\actions-runner'
[2026-04-17 10:39:25Z INFO HostContext] Well known directory 'Work': 'C:\Users\flawy\Documents\pipeline\main\Hello\actions-runner\_work'
[2026-04-17 10:39:25Z INFO JobExtension] Start checking server connectivity.
[2026-04-17 10:39:25Z INFO JobExtension] Check server connectivity for https://broker.actions.githubusercontent.com/health.
[2026-04-17 10:39:25Z INFO JobExtension] Check server connectivity for https://token.actions.githubusercontent.com/ready.
[2026-04-17 10:39:25Z INFO JobExtension] Check server connectivity for https://run.actions.githubusercontent.com/health.
[2026-04-17 10:39:25Z INFO JobExtension] Start checking service connectivity in background.
[2026-04-17 10:39:25Z INFO ExecutionContext] Publish step telemetry for current step {
  "action": "setup_job",
  "type": "runner",
  "stage": "Pre",
  "stepId": "2480089c-8c3d-4a75-8f3d-3586107ab4cf",
  "result": "succeeded",
  "errorMessages": [],
  "executionTimeInSeconds": 3,
  "startTime": "2026-04-17T10:39:22.9584898Z",
  "finishTime": "2026-04-17T10:39:25.0455824Z"
}.
[2026-04-17 10:39:25Z INFO JobRunner] Total job steps: 4.
[2026-04-17 10:39:25Z INFO JobRunner] Run all job steps.
[2026-04-17 10:39:25Z INFO StepsRunner] Processing step: DisplayName='Checkout repo'
[2026-04-17 10:39:25Z INFO StepsRunner] Evaluating: success()
[2026-04-17 10:39:25Z INFO StepsRunner] Result: true
[2026-04-17 10:39:25Z INFO StepsRunner] Starting the step.
[2026-04-17 10:39:25Z INFO HostContext] Well known directory 'Bin': 'C:\Users\flawy\Documents\pipeline\main\Hello\actions-runner\bin'
[2026-04-17 10:39:25Z INFO HostContext] Well known directory 'Root': 'C:\Users\flawy\Documents\pipeline\main\Hello\actions-runner'
[2026-04-17 10:39:25Z INFO HostContext] Well known directory 'Work': 'C:\Users\flawy\Documents\pipeline\main\Hello\actions-runner\_work'
[2026-04-17 10:39:25Z INFO StepsRunner] Which2: 'chcp'
[2026-04-17 10:39:25Z INFO StepsRunner] Location: 'C:\Windows\system32\chcp.COM'
[2026-04-17 10:39:25Z INFO ProcessInvokerWrapper] Starting process:
[2026-04-17 10:39:25Z INFO ProcessInvokerWrapper]   File name: 'C:\Windows\system32\chcp.COM'
[2026-04-17 10:39:25Z INFO ProcessInvokerWrapper]   Arguments: '65001'
[2026-04-17 10:39:25Z INFO ProcessInvokerWrapper]   Working directory: 'C:\Users\flawy\Documents\pipeline\main\Hello\actions-runner\_work'
[2026-04-17 10:39:25Z INFO ProcessInvokerWrapper]   Require exit code zero: 'False'
[2026-04-17 10:39:25Z INFO ProcessInvokerWrapper]   Encoding web name:  ; code page: ''
[2026-04-17 10:39:25Z INFO ProcessInvokerWrapper]   Force kill process on cancellation: 'False'
[2026-04-17 10:39:25Z INFO ProcessInvokerWrapper]   Redirected STDIN: 'False'
[2026-04-17 10:39:25Z INFO ProcessInvokerWrapper]   Persist current code page: 'True'
[2026-04-17 10:39:25Z INFO ProcessInvokerWrapper]   Keep redirected STDIN open: 'False'
[2026-04-17 10:39:25Z INFO ProcessInvokerWrapper]   High priority process: 'False'
[2026-04-17 10:39:25Z INFO ProcessInvokerWrapper] Process started with process id 2576, waiting for process exit.
[2026-04-17 10:39:25Z INFO ProcessInvokerWrapper] STDOUT/STDERR stream read finished.
[2026-04-17 10:39:25Z INFO ProcessInvokerWrapper] STDOUT/STDERR stream read finished.
[2026-04-17 10:39:25Z INFO ProcessInvokerWrapper] Finished process 2576 with exit code 0, and elapsed time 00:00:00.0134033.
[2026-04-17 10:39:25Z INFO StepsRunner] Successfully returned to code page 65001 (UTF8)
[2026-04-17 10:39:25Z INFO HostContext] Well known directory 'Bin': 'C:\Users\flawy\Documents\pipeline\main\Hello\actions-runner\bin'
[2026-04-17 10:39:25Z INFO HostContext] Well known directory 'Root': 'C:\Users\flawy\Documents\pipeline\main\Hello\actions-runner'
[2026-04-17 10:39:25Z INFO HostContext] Well known directory 'Work': 'C:\Users\flawy\Documents\pipeline\main\Hello\actions-runner\_work'
[2026-04-17 10:39:25Z INFO HostContext] Well known directory 'Actions': 'C:\Users\flawy\Documents\pipeline\main\Hello\actions-runner\_work\_actions'
[2026-04-17 10:39:25Z INFO ActionManager] Load action that reference repository from 'C:\Users\flawy\Documents\pipeline\main\Hello\actions-runner\_work\_actions\actions\checkout\v4'
[2026-04-17 10:39:25Z INFO HostContext] Well known directory 'Bin': 'C:\Users\flawy\Documents\pipeline\main\Hello\actions-runner\bin'
[2026-04-17 10:39:25Z INFO HostContext] Well known directory 'Root': 'C:\Users\flawy\Documents\pipeline\main\Hello\actions-runner'
[2026-04-17 10:39:25Z INFO HostContext] Well known directory 'Work': 'C:\Users\flawy\Documents\pipeline\main\Hello\actions-runner\_work'
[2026-04-17 10:39:25Z INFO HostContext] Well known directory 'Actions': 'C:\Users\flawy\Documents\pipeline\main\Hello\actions-runner\_work\_actions'
[2026-04-17 10:39:25Z INFO ActionManifestManagerLegacy] Loaded action.yml file: {
  "name": "Checkout",
  "description": "Checkout a Git repository at a particular version",
  "inputs": {
    "type": 2,
    "map": [
      {
        "key": {
          "type": 0,
          "file": 2,
          "line": 4,
          "col": 3,
          "lit": "repository"
        },
        "value": {
          "type": 3,
          "file": 2,
          "line": 6,
          "col": 14,
          "expr": "github.repository"
        }
      },
      {
        "key": {
          "type": 0,
          "file": 2,
          "line": 7,
          "col": 3,
          "lit": "ref"
        },
        "value": ""
      },
      {
        "key": {
          "type": 0,
          "file": 2,
          "line": 12,
          "col": 3,
          "lit": "token"
        },
        "value": {
          "type": 3,
          "file": 2,
          "line": 24,
          "col": 14,
          "expr": "github.token"
        }
      },
      {
        "key": {
          "type": 0,
          "file": 2,
          "line": 25,
          "col": 3,
          "lit": "ssh-key"
        },
        "value": ""
      },
      {
        "key": {
          "type": 0,
          "file": 2,
          "line": 37,
          "col": 3,
          "lit": "ssh-known-hosts"
        },
        "value": ""
      },
      {
        "key": {
          "type": 0,
          "file": 2,
          "line": 42,
          "col": 3,
          "lit": "ssh-strict"
        },
        "value": {
          "type": 0,
          "file": 2,
          "line": 47,
          "col": 14,
          "lit": "true"
        }
      },
      {
        "key": {
          "type": 0,
          "file": 2,
          "line": 48,
          "col": 3,
          "lit": "ssh-user"
        },
        "value": {
          "type": 0,
          "file": 2,
          "line": 51,
          "col": 14,
          "lit": "git"
        }
      },
      {
        "key": {
          "type": 0,
          "file": 2,
          "line": 52,
          "col": 3,
          "lit": "persist-credentials"
        },
        "value": {
          "type": 0,
          "file": 2,
          "line": 54,
          "col": 14,
          "lit": "true"
        }
      },
      {
        "key": {
          "type": 0,
          "file": 2,
          "line": 55,
          "col": 3,
          "lit": "path"
        },
        "value": ""
      },
      {
        "key": {
          "type": 0,
          "file": 2,
          "line": 57,
          "col": 3,
          "lit": "clean"
        },
        "value": {
          "type": 0,
          "file": 2,
          "line": 59,
          "col": 14,
          "lit": "true"
        }
      },
      {
        "key": {
          "type": 0,
          "file": 2,
          "line": 60,
          "col": 3,
          "lit": "filter"
        },
        "value": {
          "type": 0,
          "file": 2,
          "line": 64,
          "col": 14,
          "lit": ""
        }
      },
      {
        "key": {
          "type": 0,
          "file": 2,
          "line": 65,
          "col": 3,
          "lit": "sparse-checkout"
        },
        "value": {
          "type": 0,
          "file": 2,
          "line": 69,
          "col": 14,
          "lit": ""
        }
      },
      {
        "key": {
          "type": 0,
          "file": 2,
          "line": 70,
          "col": 3,
          "lit": "sparse-checkout-cone-mode"
        },
        "value": {
          "type": 0,
          "file": 2,
          "line": 73,
          "col": 14,
          "lit": "true"
        }
      },
      {
        "key": {
          "type": 0,
          "file": 2,
          "line": 74,
          "col": 3,
          "lit": "fetch-depth"
        },
        "value": {
          "type": 0,
          "file": 2,
          "line": 76,
          "col": 14,
          "lit": "1"
        }
      },
      {
        "key": {
          "type": 0,
          "file": 2,
          "line": 77,
          "col": 3,
          "lit": "fetch-tags"
        },
        "value": {
          "type": 0,
          "file": 2,
          "line": 79,
          "col": 14,
          "lit": "false"
        }
      },
      {
        "key": {
          "type": 0,
          "file": 2,
          "line": 80,
          "col": 3,
          "lit": "show-progress"
        },
        "value": {
          "type": 0,
          "file": 2,
          "line": 82,
          "col": 14,
          "lit": "true"
        }
      },
      {
        "key": {
          "type": 0,
          "file": 2,
          "line": 83,
          "col": 3,
          "lit": "lfs"
        },
        "value": {
          "type": 0,
          "file": 2,
          "line": 85,
          "col": 14,
          "lit": "false"
        }
      },
      {
        "key": {
          "type": 0,
          "file": 2,
          "line": 86,
          "col": 3,
          "lit": "submodules"
        },
        "value": {
          "type": 0,
          "file": 2,
          "line": 94,
          "col": 14,
          "lit": "false"
        }
      },
      {
        "key": {
          "type": 0,
          "file": 2,
          "line": 95,
          "col": 3,
          "lit": "set-safe-directory"
        },
        "value": {
          "type": 0,
          "file": 2,
          "line": 97,
          "col": 14,
          "lit": "true"
        }
      },
      {
        "key": {
          "type": 0,
          "file": 2,
          "line": 98,
          "col": 3,
          "lit": "github-server-url"
        },
        "value": ""
      }
    ]
  },
  "execution": {
    "executionType": "nodeJS",
    "hasPre": false,
    "hasPost": true,
    "script": "dist/index.js",
    "pre": null,
    "post": "dist/index.js",
    "nodeVersion": "node20",
    "cleanupCondition": "always()",
    "initCondition": "always()"
  },
  "deprecated": null
}
[2026-04-17 10:39:25Z INFO ActionManager] Action pre node.js file: N/A.
[2026-04-17 10:39:25Z INFO ActionManager] Action node.js file: dist/index.js.
[2026-04-17 10:39:25Z INFO ActionManager] Action post node.js file: dist/index.js.
[2026-04-17 10:39:25Z INFO ExecutionContext] Reserve record order 6 to 10 for post job actions.
[2026-04-17 10:39:25Z INFO HostContext] Well known directory 'Bin': 'C:\Users\flawy\Documents\pipeline\main\Hello\actions-runner\bin'
[2026-04-17 10:39:25Z INFO HostContext] Well known directory 'Root': 'C:\Users\flawy\Documents\pipeline\main\Hello\actions-runner'
[2026-04-17 10:39:25Z INFO HostContext] Well known directory 'Diag': 'C:\Users\flawy\Documents\pipeline\main\Hello\actions-runner\_diag'
[2026-04-17 10:39:25Z INFO HostContext] Well known directory 'Bin': 'C:\Users\flawy\Documents\pipeline\main\Hello\actions-runner\bin'
[2026-04-17 10:39:25Z INFO HostContext] Well known directory 'Root': 'C:\Users\flawy\Documents\pipeline\main\Hello\actions-runner'
[2026-04-17 10:39:25Z INFO HostContext] Well known directory 'Diag': 'C:\Users\flawy\Documents\pipeline\main\Hello\actions-runner\_diag'
[2026-04-17 10:39:25Z INFO HostContext] Well known directory 'Bin': 'C:\Users\flawy\Documents\pipeline\main\Hello\actions-runner\bin'
[2026-04-17 10:39:25Z INFO HostContext] Well known directory 'Root': 'C:\Users\flawy\Documents\pipeline\main\Hello\actions-runner'
[2026-04-17 10:39:25Z INFO HostContext] Well known directory 'Work': 'C:\Users\flawy\Documents\pipeline\main\Hello\actions-runner\_work'
[2026-04-17 10:39:25Z INFO HostContext] Well known directory 'Temp': 'C:\Users\flawy\Documents\pipeline\main\Hello\actions-runner\_work\_temp'
[2026-04-17 10:39:25Z INFO ExecutionContext] Write event payload to C:\Users\flawy\Documents\pipeline\main\Hello\actions-runner\_work\_temp\_github_workflow\event.json
[2026-04-17 10:39:25Z INFO HostContext] Well known directory 'Bin': 'C:\Users\flawy\Documents\pipeline\main\Hello\actions-runner\bin'
[2026-04-17 10:39:25Z INFO HostContext] Well known directory 'Root': 'C:\Users\flawy\Documents\pipeline\main\Hello\actions-runner'
[2026-04-17 10:39:25Z INFO HostContext] Well known directory 'Work': 'C:\Users\flawy\Documents\pipeline\main\Hello\actions-runner\_work'
[2026-04-17 10:39:25Z INFO HostContext] Well known directory 'Temp': 'C:\Users\flawy\Documents\pipeline\main\Hello\actions-runner\_work\_temp'
[2026-04-17 10:39:25Z INFO ExtensionManager] Getting extensions for interface: 'GitHub.Runner.Worker.IFileCommandExtension'
[2026-04-17 10:39:25Z INFO ExtensionManager] Creating instance: GitHub.Runner.Worker.AddPathFileCommand, Runner.Worker
[2026-04-17 10:39:25Z INFO ExtensionManager] Creating instance: GitHub.Runner.Worker.SetEnvFileCommand, Runner.Worker
[2026-04-17 10:39:25Z INFO ExtensionManager] Creating instance: GitHub.Runner.Worker.CreateStepSummaryCommand, Runner.Worker
[2026-04-17 10:39:25Z INFO ExtensionManager] Creating instance: GitHub.Runner.Worker.SaveStateFileCommand, Runner.Worker
[2026-04-17 10:39:25Z INFO ExtensionManager] Creating instance: GitHub.Runner.Worker.SetOutputFileCommand, Runner.Worker
[2026-04-17 10:39:25Z INFO ActionManifestManagerLegacy] Input 'repository': default value evaluate result: {
  "type": 0,
  "file": 2,
  "line": 6,
  "col": 14,
  "lit": "Luna-slendy/Hello"
}
[2026-04-17 10:39:25Z INFO ActionManifestManagerLegacy] Input 'ref': default value evaluate result: ""
[2026-04-17 10:39:25Z INFO ActionManifestManagerLegacy] Input 'token': default value evaluate result: {
  "type": 0,
  "file": 2,
  "line": 24,
  "col": 14,
  "lit": "***"
}
[2026-04-17 10:39:25Z INFO ActionManifestManagerLegacy] Input 'ssh-key': default value evaluate result: ""
[2026-04-17 10:39:25Z INFO ActionManifestManagerLegacy] Input 'ssh-known-hosts': default value evaluate result: ""
[2026-04-17 10:39:25Z INFO ActionManifestManagerLegacy] Input 'ssh-strict': default value evaluate result: {
  "type": 0,
  "file": 2,
  "line": 47,
  "col": 14,
  "lit": "true"
}
[2026-04-17 10:39:25Z INFO ActionManifestManagerLegacy] Input 'ssh-user': default value evaluate result: {
  "type": 0,
  "file": 2,
  "line": 51,
  "col": 14,
  "lit": "git"
}
[2026-04-17 10:39:25Z INFO ActionManifestManagerLegacy] Input 'persist-credentials': default value evaluate result: {
  "type": 0,
  "file": 2,
  "line": 54,
  "col": 14,
  "lit": "true"
}
[2026-04-17 10:39:25Z INFO ActionManifestManagerLegacy] Input 'path': default value evaluate result: ""
[2026-04-17 10:39:25Z INFO ActionManifestManagerLegacy] Input 'clean': default value evaluate result: {
  "type": 0,
  "file": 2,
  "line": 59,
  "col": 14,
  "lit": "true"
}
[2026-04-17 10:39:25Z INFO ActionManifestManagerLegacy] Input 'filter': default value evaluate result: {
  "type": 0,
  "file": 2,
  "line": 64,
  "col": 14,
  "lit": ""
}
[2026-04-17 10:39:25Z INFO ActionManifestManagerLegacy] Input 'sparse-checkout': default value evaluate result: {
  "type": 0,
  "file": 2,
  "line": 69,
  "col": 14,
  "lit": ""
}
[2026-04-17 10:39:25Z INFO ActionManifestManagerLegacy] Input 'sparse-checkout-cone-mode': default value evaluate result: {
  "type": 0,
  "file": 2,
  "line": 73,
  "col": 14,
  "lit": "true"
}
[2026-04-17 10:39:25Z INFO ActionManifestManagerLegacy] Input 'fetch-depth': default value evaluate result: {
  "type": 0,
  "file": 2,
  "line": 76,
  "col": 14,
  "lit": "1"
}
[2026-04-17 10:39:25Z INFO ActionManifestManagerLegacy] Input 'fetch-tags': default value evaluate result: {
  "type": 0,
  "file": 2,
  "line": 79,
  "col": 14,
  "lit": "false"
}
[2026-04-17 10:39:25Z INFO ActionManifestManagerLegacy] Input 'show-progress': default value evaluate result: {
  "type": 0,
  "file": 2,
  "line": 82,
  "col": 14,
  "lit": "true"
}
[2026-04-17 10:39:25Z INFO ActionManifestManagerLegacy] Input 'lfs': default value evaluate result: {
  "type": 0,
  "file": 2,
  "line": 85,
  "col": 14,
  "lit": "false"
}
[2026-04-17 10:39:25Z INFO ActionManifestManagerLegacy] Input 'submodules': default value evaluate result: {
  "type": 0,
  "file": 2,
  "line": 94,
  "col": 14,
  "lit": "false"
}
[2026-04-17 10:39:25Z INFO ActionManifestManagerLegacy] Input 'set-safe-directory': default value evaluate result: {
  "type": 0,
  "file": 2,
  "line": 97,
  "col": 14,
  "lit": "true"
}
[2026-04-17 10:39:25Z INFO ActionManifestManagerLegacy] Input 'github-server-url': default value evaluate result: ""
[2026-04-17 10:39:25Z INFO ExtensionManager] Getting extensions for interface: 'GitHub.Runner.Worker.IActionCommandExtension'
[2026-04-17 10:39:25Z INFO ExtensionManager] Creating instance: GitHub.Runner.Worker.InternalPluginSetRepoPathCommandExtension, Runner.Worker
[2026-04-17 10:39:25Z INFO ExtensionManager] Creating instance: GitHub.Runner.Worker.SetEnvCommandExtension, Runner.Worker
[2026-04-17 10:39:25Z INFO ExtensionManager] Creating instance: GitHub.Runner.Worker.SetOutputCommandExtension, Runner.Worker
[2026-04-17 10:39:25Z INFO ExtensionManager] Creating instance: GitHub.Runner.Worker.SaveStateCommandExtension, Runner.Worker
[2026-04-17 10:39:25Z INFO ExtensionManager] Creating instance: GitHub.Runner.Worker.AddPathCommandExtension, Runner.Worker
[2026-04-17 10:39:25Z INFO ExtensionManager] Creating instance: GitHub.Runner.Worker.AddMaskCommandExtension, Runner.Worker
[2026-04-17 10:39:25Z INFO ExtensionManager] Creating instance: GitHub.Runner.Worker.AddMatcherCommandExtension, Runner.Worker
[2026-04-17 10:39:25Z INFO ExtensionManager] Creating instance: GitHub.Runner.Worker.RemoveMatcherCommandExtension, Runner.Worker
[2026-04-17 10:39:25Z INFO ExtensionManager] Creating instance: GitHub.Runner.Worker.WarningCommandExtension, Runner.Worker
[2026-04-17 10:39:25Z INFO ExtensionManager] Creating instance: GitHub.Runner.Worker.ErrorCommandExtension, Runner.Worker
[2026-04-17 10:39:25Z INFO ExtensionManager] Creating instance: GitHub.Runner.Worker.NoticeCommandExtension, Runner.Worker
[2026-04-17 10:39:25Z INFO ExtensionManager] Creating instance: GitHub.Runner.Worker.DebugCommandExtension, Runner.Worker
[2026-04-17 10:39:25Z INFO ExtensionManager] Creating instance: GitHub.Runner.Worker.GroupCommandExtension, Runner.Worker
[2026-04-17 10:39:25Z INFO ExtensionManager] Creating instance: GitHub.Runner.Worker.EndGroupCommandExtension, Runner.Worker
[2026-04-17 10:39:25Z INFO ExtensionManager] Creating instance: GitHub.Runner.Worker.EchoCommandExtension, Runner.Worker
[2026-04-17 10:39:25Z INFO ActionCommandManager] Register action command extension for command internal-set-repo-path
[2026-04-17 10:39:25Z INFO ActionCommandManager] Register action command extension for command set-env
[2026-04-17 10:39:25Z INFO ActionCommandManager] Register action command extension for command set-output
[2026-04-17 10:39:25Z INFO ActionCommandManager] Register action command extension for command save-state
[2026-04-17 10:39:25Z INFO ActionCommandManager] Register action command extension for command add-path
[2026-04-17 10:39:25Z INFO ActionCommandManager] Register action command extension for command add-mask
[2026-04-17 10:39:25Z INFO ActionCommandManager] Register action command extension for command add-matcher
[2026-04-17 10:39:25Z INFO ActionCommandManager] Register action command extension for command remove-matcher
[2026-04-17 10:39:25Z INFO ActionCommandManager] Register action command extension for command warning
[2026-04-17 10:39:25Z INFO ActionCommandManager] Register action command extension for command error
[2026-04-17 10:39:25Z INFO ActionCommandManager] Register action command extension for command notice
[2026-04-17 10:39:25Z INFO ActionCommandManager] Register action command extension for command debug
[2026-04-17 10:39:25Z INFO ActionCommandManager] Register action command extension for command group
[2026-04-17 10:39:25Z INFO ActionCommandManager] Register action command extension for command endgroup
[2026-04-17 10:39:25Z INFO ActionCommandManager] Register action command extension for command echo
[2026-04-17 10:39:25Z INFO HostContext] Well known directory 'Bin': 'C:\Users\flawy\Documents\pipeline\main\Hello\actions-runner\bin'
[2026-04-17 10:39:25Z INFO HostContext] Well known directory 'Root': 'C:\Users\flawy\Documents\pipeline\main\Hello\actions-runner'
[2026-04-17 10:39:25Z INFO HostContext] Well known directory 'Externals': 'C:\Users\flawy\Documents\pipeline\main\Hello\actions-runner\externals'
[2026-04-17 10:39:25Z INFO ProcessInvokerWrapper] Starting process:
[2026-04-17 10:39:25Z INFO ProcessInvokerWrapper]   File name: 'C:\Users\flawy\Documents\pipeline\main\Hello\actions-runner\externals\node20\bin\node.exe'
[2026-04-17 10:39:25Z INFO ProcessInvokerWrapper]   Arguments: '"C:\Users\flawy\Documents\pipeline\main\Hello\actions-runner\_work\_actions\actions\checkout\v4\dist/index.js"'
[2026-04-17 10:39:25Z INFO ProcessInvokerWrapper]   Working directory: 'C:\Users\flawy\Documents\pipeline\main\Hello\actions-runner\_work\Hello\Hello'
[2026-04-17 10:39:25Z INFO ProcessInvokerWrapper]   Require exit code zero: 'False'
[2026-04-17 10:39:25Z INFO ProcessInvokerWrapper]   Encoding web name: utf-8 ; code page: '65001'
[2026-04-17 10:39:25Z INFO ProcessInvokerWrapper]   Force kill process on cancellation: 'False'
[2026-04-17 10:39:25Z INFO ProcessInvokerWrapper]   Redirected STDIN: 'False'
[2026-04-17 10:39:25Z INFO ProcessInvokerWrapper]   Persist current code page: 'True'
[2026-04-17 10:39:25Z INFO ProcessInvokerWrapper]   Keep redirected STDIN open: 'False'
[2026-04-17 10:39:25Z INFO ProcessInvokerWrapper]   High priority process: 'False'
[2026-04-17 10:39:25Z INFO JobServerQueue] Try to append 1 batches web console lines for record '2480089c-8c3d-4a75-8f3d-3586107ab4cf', success rate: 1/1.
[2026-04-17 10:39:25Z INFO JobServerQueue] Try to append 1 batches web console lines for record '933393ad-13b9-4b30-a728-40b279dfe44d', success rate: 1/1.
[2026-04-17 10:39:25Z INFO JobServerQueue] Got a step log file to send to results service.
[2026-04-17 10:39:25Z INFO JobServerQueue] Starting upload of step log file to results service ResultsLog, C:\Users\flawy\Documents\pipeline\main\Hello\actions-runner\_diag\blocks\9f9135b5-8dae-45e2-80f3-03ca7a727da2_2480089c-8c3d-4a75-8f3d-3586107ab4cf.1
[2026-04-17 10:39:25Z INFO JobServerQueue] Try to upload 1 log files or attachments, success rate: 1/1.
[2026-04-17 10:39:26Z INFO ProcessInvokerWrapper] Process started with process id 4016, waiting for process exit.
[2026-04-17 10:39:26Z INFO AddMaskCommandExtension] Add new secret mask with length of 76
[2026-04-17 10:39:26Z INFO JobServerQueue] Try to append 1 batches web console lines for record '933393ad-13b9-4b30-a728-40b279dfe44d', success rate: 1/1.
[2026-04-17 10:39:26Z INFO JobServerQueue] Try to append 1 batches web console lines for record '933393ad-13b9-4b30-a728-40b279dfe44d', success rate: 1/1.
[2026-04-17 10:39:27Z INFO JobServerQueue] Tried to upload 1 file(s) to results, success rate: 1/1.
[2026-04-17 10:39:27Z INFO JobServerQueue] Try to append 1 batches web console lines for record '933393ad-13b9-4b30-a728-40b279dfe44d', success rate: 1/1.
[2026-04-17 10:39:28Z INFO JobServerQueue] Try to append 1 batches web console lines for record '933393ad-13b9-4b30-a728-40b279dfe44d', success rate: 1/1.
[2026-04-17 10:39:28Z INFO JobServerQueue] Try to append 1 batches web console lines for record '933393ad-13b9-4b30-a728-40b279dfe44d', success rate: 1/1.
[2026-04-17 10:39:35Z INFO HostContext] Well known directory 'Bin': 'C:\Users\flawy\Documents\pipeline\main\Hello\actions-runner\bin'
[2026-04-17 10:39:35Z INFO HostContext] Well known directory 'Root': 'C:\Users\flawy\Documents\pipeline\main\Hello\actions-runner'
[2026-04-17 10:39:35Z INFO HostContext] Well known directory 'Work': 'C:\Users\flawy\Documents\pipeline\main\Hello\actions-runner\_work'
[2026-04-17 10:39:45Z INFO HostContext] Well known directory 'Bin': 'C:\Users\flawy\Documents\pipeline\main\Hello\actions-runner\bin'
[2026-04-17 10:39:45Z INFO HostContext] Well known directory 'Root': 'C:\Users\flawy\Documents\pipeline\main\Hello\actions-runner'
[2026-04-17 10:39:45Z INFO HostContext] Well known directory 'Work': 'C:\Users\flawy\Documents\pipeline\main\Hello\actions-runner\_work'
[2026-04-17 10:39:53Z INFO JobServerQueue] Try to append 1 batches web console lines for record '933393ad-13b9-4b30-a728-40b279dfe44d', success rate: 1/1.
[2026-04-17 10:39:54Z INFO JobServerQueue] Try to append 1 batches web console lines for record '933393ad-13b9-4b30-a728-40b279dfe44d', success rate: 1/1.
[2026-04-17 10:39:55Z INFO HostContext] Well known directory 'Bin': 'C:\Users\flawy\Documents\pipeline\main\Hello\actions-runner\bin'
[2026-04-17 10:39:55Z INFO HostContext] Well known directory 'Root': 'C:\Users\flawy\Documents\pipeline\main\Hello\actions-runner'
[2026-04-17 10:39:55Z INFO HostContext] Well known directory 'Work': 'C:\Users\flawy\Documents\pipeline\main\Hello\actions-runner\_work'
[2026-04-17 10:39:55Z INFO JobServerQueue] Try to append 1 batches web console lines for record '933393ad-13b9-4b30-a728-40b279dfe44d', success rate: 1/1.
[2026-04-17 10:39:55Z INFO ProcessInvokerWrapper] STDOUT/STDERR stream read finished.
[2026-04-17 10:39:55Z INFO ProcessInvokerWrapper] STDOUT/STDERR stream read finished.
[2026-04-17 10:39:55Z INFO ProcessInvokerWrapper] Finished process 4016 with exit code 0, and elapsed time 00:00:30.1932948.
[2026-04-17 10:39:55Z INFO CreateStepSummaryCommand] Step Summary file (C:\Users\flawy\Documents\pipeline\main\Hello\actions-runner\_work\_temp\_runner_file_commands\step_summary_0f918a1b-c507-4510-9e06-05fc787206ad) is empty; skipping attachment upload
[2026-04-17 10:39:55Z INFO StepsRunner] Step result: 
[2026-04-17 10:39:55Z INFO ExecutionContext] Publish step telemetry for current step {
  "action": "actions/checkout",
  "ref": "v4",
  "type": "node20",
  "stage": "Main",
  "stepId": "933393ad-13b9-4b30-a728-40b279dfe44d",
  "stepContextName": "__actions_checkout",
  "hasPreStep": false,
  "hasPostStep": true,
  "result": "succeeded",
  "errorMessages": [],
  "executionTimeInSeconds": 31,
  "startTime": "2026-04-17T10:39:25.0533743Z",
  "finishTime": "2026-04-17T10:39:55.3156155Z"
}.
[2026-04-17 10:39:55Z INFO StepsRunner] No need for updating job result with current step result 'Succeeded'.
[2026-04-17 10:39:55Z INFO StepsRunner] Current state: job state = ''
[2026-04-17 10:39:55Z INFO StepsRunner] Processing step: DisplayName='Pull latest changes'
[2026-04-17 10:39:55Z INFO StepsRunner] Evaluating: success()
[2026-04-17 10:39:55Z INFO StepsRunner] Result: true
[2026-04-17 10:39:55Z INFO StepsRunner] Starting the step.
[2026-04-17 10:39:55Z INFO HostContext] Well known directory 'Bin': 'C:\Users\flawy\Documents\pipeline\main\Hello\actions-runner\bin'
[2026-04-17 10:39:55Z INFO HostContext] Well known directory 'Root': 'C:\Users\flawy\Documents\pipeline\main\Hello\actions-runner'
[2026-04-17 10:39:55Z INFO HostContext] Well known directory 'Work': 'C:\Users\flawy\Documents\pipeline\main\Hello\actions-runner\_work'
[2026-04-17 10:39:55Z INFO StepsRunner] Which2: 'chcp'
[2026-04-17 10:39:55Z INFO StepsRunner] Location: 'C:\Windows\system32\chcp.COM'
[2026-04-17 10:39:55Z INFO ProcessInvokerWrapper] Starting process:
[2026-04-17 10:39:55Z INFO ProcessInvokerWrapper]   File name: 'C:\Windows\system32\chcp.COM'
[2026-04-17 10:39:55Z INFO ProcessInvokerWrapper]   Arguments: '65001'
[2026-04-17 10:39:55Z INFO ProcessInvokerWrapper]   Working directory: 'C:\Users\flawy\Documents\pipeline\main\Hello\actions-runner\_work'
[2026-04-17 10:39:55Z INFO ProcessInvokerWrapper]   Require exit code zero: 'False'
[2026-04-17 10:39:55Z INFO ProcessInvokerWrapper]   Encoding web name:  ; code page: ''
[2026-04-17 10:39:55Z INFO ProcessInvokerWrapper]   Force kill process on cancellation: 'False'
[2026-04-17 10:39:55Z INFO ProcessInvokerWrapper]   Redirected STDIN: 'False'
[2026-04-17 10:39:55Z INFO ProcessInvokerWrapper]   Persist current code page: 'True'
[2026-04-17 10:39:55Z INFO ProcessInvokerWrapper]   Keep redirected STDIN open: 'False'
[2026-04-17 10:39:55Z INFO ProcessInvokerWrapper]   High priority process: 'False'
[2026-04-17 10:39:55Z INFO ProcessInvokerWrapper] Process started with process id 31732, waiting for process exit.
[2026-04-17 10:39:55Z INFO ProcessInvokerWrapper] STDOUT/STDERR stream read finished.
[2026-04-17 10:39:55Z INFO ProcessInvokerWrapper] STDOUT/STDERR stream read finished.
[2026-04-17 10:39:55Z INFO ProcessInvokerWrapper] Finished process 31732 with exit code 0, and elapsed time 00:00:00.0118756.
[2026-04-17 10:39:55Z INFO StepsRunner] Successfully returned to code page 65001 (UTF8)
[2026-04-17 10:39:55Z INFO HostContext] Well known directory 'Bin': 'C:\Users\flawy\Documents\pipeline\main\Hello\actions-runner\bin'
[2026-04-17 10:39:55Z INFO HostContext] Well known directory 'Root': 'C:\Users\flawy\Documents\pipeline\main\Hello\actions-runner'
[2026-04-17 10:39:55Z INFO HostContext] Well known directory 'Work': 'C:\Users\flawy\Documents\pipeline\main\Hello\actions-runner\_work'
[2026-04-17 10:39:55Z INFO HostContext] Well known directory 'Temp': 'C:\Users\flawy\Documents\pipeline\main\Hello\actions-runner\_work\_temp'
[2026-04-17 10:39:55Z INFO ExecutionContext] Write event payload to C:\Users\flawy\Documents\pipeline\main\Hello\actions-runner\_work\_temp\_github_workflow\event.json
[2026-04-17 10:39:55Z INFO HostContext] Well known directory 'Bin': 'C:\Users\flawy\Documents\pipeline\main\Hello\actions-runner\bin'
[2026-04-17 10:39:55Z INFO HostContext] Well known directory 'Root': 'C:\Users\flawy\Documents\pipeline\main\Hello\actions-runner'
[2026-04-17 10:39:55Z INFO HostContext] Well known directory 'Work': 'C:\Users\flawy\Documents\pipeline\main\Hello\actions-runner\_work'
[2026-04-17 10:39:55Z INFO HostContext] Well known directory 'Temp': 'C:\Users\flawy\Documents\pipeline\main\Hello\actions-runner\_work\_temp'
[2026-04-17 10:39:55Z INFO ExtensionManager] Getting extensions for interface: 'GitHub.Runner.Worker.IFileCommandExtension'
[2026-04-17 10:39:55Z INFO ExtensionManager] Getting extensions for interface: 'GitHub.Runner.Worker.IActionCommandExtension'
[2026-04-17 10:39:55Z INFO ActionCommandManager] Register action command extension for command internal-set-repo-path
[2026-04-17 10:39:55Z INFO ActionCommandManager] Register action command extension for command set-env
[2026-04-17 10:39:55Z INFO ActionCommandManager] Register action command extension for command set-output
[2026-04-17 10:39:55Z INFO ActionCommandManager] Register action command extension for command save-state
[2026-04-17 10:39:55Z INFO ActionCommandManager] Register action command extension for command add-path
[2026-04-17 10:39:55Z INFO ActionCommandManager] Register action command extension for command add-mask
[2026-04-17 10:39:55Z INFO ActionCommandManager] Register action command extension for command add-matcher
[2026-04-17 10:39:55Z INFO ActionCommandManager] Register action command extension for command remove-matcher
[2026-04-17 10:39:55Z INFO ActionCommandManager] Register action command extension for command warning
[2026-04-17 10:39:55Z INFO ActionCommandManager] Register action command extension for command error
[2026-04-17 10:39:55Z INFO ActionCommandManager] Register action command extension for command notice
[2026-04-17 10:39:55Z INFO ActionCommandManager] Register action command extension for command debug
[2026-04-17 10:39:55Z INFO ActionCommandManager] Register action command extension for command group
[2026-04-17 10:39:55Z INFO ActionCommandManager] Register action command extension for command endgroup
[2026-04-17 10:39:55Z INFO ActionCommandManager] Register action command extension for command echo
[2026-04-17 10:39:55Z INFO ScriptHandler] Which2: 'pwsh'
[2026-04-17 10:39:55Z INFO ScriptHandler] pwsh: command not found. Make sure 'pwsh' is installed and its location included in the 'Path' environment variable.
[2026-04-17 10:39:55Z INFO ScriptHandler] Defaulting to powershell
[2026-04-17 10:39:55Z INFO ScriptHandler] Which2: 'powershell'
[2026-04-17 10:39:55Z INFO ScriptHandler] Location: 'C:\Windows\System32\WindowsPowerShell\v1.0\powershell.EXE'
[2026-04-17 10:39:55Z INFO HostContext] Well known directory 'Bin': 'C:\Users\flawy\Documents\pipeline\main\Hello\actions-runner\bin'
[2026-04-17 10:39:55Z INFO HostContext] Well known directory 'Root': 'C:\Users\flawy\Documents\pipeline\main\Hello\actions-runner'
[2026-04-17 10:39:55Z INFO HostContext] Well known directory 'Work': 'C:\Users\flawy\Documents\pipeline\main\Hello\actions-runner\_work'
[2026-04-17 10:39:55Z INFO HostContext] Well known directory 'Temp': 'C:\Users\flawy\Documents\pipeline\main\Hello\actions-runner\_work\_temp'
[2026-04-17 10:39:55Z INFO ScriptHandler] Which2: 'pwsh'
[2026-04-17 10:39:55Z INFO ScriptHandler] pwsh: command not found. Make sure 'pwsh' is installed and its location included in the 'Path' environment variable.
[2026-04-17 10:39:55Z INFO ScriptHandler] Defaulting to powershell
[2026-04-17 10:39:55Z INFO ScriptHandler] Which2: 'powershell'
[2026-04-17 10:39:55Z INFO ScriptHandler] Location: 'C:\Windows\System32\WindowsPowerShell\v1.0\powershell.EXE'
[2026-04-17 10:39:55Z INFO ProcessInvokerWrapper] Starting process:
[2026-04-17 10:39:55Z INFO ProcessInvokerWrapper]   File name: 'C:\Windows\System32\WindowsPowerShell\v1.0\powershell.EXE'
[2026-04-17 10:39:55Z INFO ProcessInvokerWrapper]   Arguments: '-command ". 'C:\Users\flawy\Documents\pipeline\main\Hello\actions-runner\_work\_temp\4728fec7-7286-4a38-a4ce-906715c71302.ps1'"'
[2026-04-17 10:39:55Z INFO ProcessInvokerWrapper]   Working directory: 'C:\Users\flawy\Documents\pipeline\main\Hello\actions-runner\_work\Hello\Hello'
[2026-04-17 10:39:55Z INFO ProcessInvokerWrapper]   Require exit code zero: 'False'
[2026-04-17 10:39:55Z INFO ProcessInvokerWrapper]   Encoding web name:  ; code page: ''
[2026-04-17 10:39:55Z INFO ProcessInvokerWrapper]   Force kill process on cancellation: 'False'
[2026-04-17 10:39:55Z INFO ProcessInvokerWrapper]   Redirected STDIN: 'False'
[2026-04-17 10:39:55Z INFO ProcessInvokerWrapper]   Persist current code page: 'True'
[2026-04-17 10:39:55Z INFO ProcessInvokerWrapper]   Keep redirected STDIN open: 'False'
[2026-04-17 10:39:55Z INFO ProcessInvokerWrapper]   High priority process: 'False'
[2026-04-17 10:39:55Z INFO JobServerQueue] Try to append 1 batches web console lines for record '933393ad-13b9-4b30-a728-40b279dfe44d', success rate: 1/1.
[2026-04-17 10:39:55Z INFO JobServerQueue] Try to append 1 batches web console lines for record 'c8c177ac-1561-4302-bb9b-6a5fde577fb9', success rate: 1/1.
[2026-04-17 10:39:55Z INFO ProcessInvokerWrapper] Process started with process id 19128, waiting for process exit.
[2026-04-17 10:39:55Z INFO ProcessInvokerWrapper] STDOUT/STDERR stream read finished.
[2026-04-17 10:39:55Z INFO ProcessInvokerWrapper] STDOUT/STDERR stream read finished.
[2026-04-17 10:39:55Z INFO ProcessInvokerWrapper] Finished process 19128 with exit code 1, and elapsed time 00:00:00.2169425.
[2026-04-17 10:39:55Z INFO CreateStepSummaryCommand] Step Summary file (C:\Users\flawy\Documents\pipeline\main\Hello\actions-runner\_work\_temp\_runner_file_commands\step_summary_8d2ffeb4-e129-4223-b61b-30d1774876a3) is empty; skipping attachment upload
[2026-04-17 10:39:55Z INFO StepsRunner] Step result: Failed
[2026-04-17 10:39:55Z INFO ExecutionContext] Publish step telemetry for current step {
  "action": "powershell",
  "type": "run",
  "stage": "Main",
  "stepId": "c8c177ac-1561-4302-bb9b-6a5fde577fb9",
  "stepContextName": "__run",
  "result": "failed",
  "errorMessages": [
    "Process completed with exit code 1."
  ],
  "executionTimeInSeconds": 1,
  "startTime": "2026-04-17T10:39:55.316787Z",
  "finishTime": "2026-04-17T10:39:55.6004759Z"
}.
[2026-04-17 10:39:55Z INFO StepsRunner] Update job result with current step result 'Failed'.
[2026-04-17 10:39:55Z INFO StepsRunner] Current state: job state = 'Failed'
[2026-04-17 10:39:55Z INFO StepsRunner] Processing step: DisplayName='Show files'
[2026-04-17 10:39:55Z INFO StepsRunner] Evaluating: success()
[2026-04-17 10:39:55Z INFO StepsRunner] Result: false
[2026-04-17 10:39:55Z INFO StepsRunner] Skipping step due to condition evaluation.
[2026-04-17 10:39:55Z INFO StepsRunner] No need for updating job result with current step result 'Skipped'.
[2026-04-17 10:39:55Z INFO StepsRunner] Current state: job state = 'Failed'
[2026-04-17 10:39:55Z INFO StepsRunner] Processing step: DisplayName='Pull'
[2026-04-17 10:39:55Z INFO StepsRunner] Evaluating: success()
[2026-04-17 10:39:55Z INFO StepsRunner] Result: false
[2026-04-17 10:39:55Z INFO StepsRunner] Skipping step due to condition evaluation.
[2026-04-17 10:39:55Z INFO StepsRunner] No need for updating job result with current step result 'Skipped'.
[2026-04-17 10:39:55Z INFO StepsRunner] Current state: job state = 'Failed'
[2026-04-17 10:39:55Z INFO StepsRunner] Processing step: DisplayName='Post Checkout repo'
[2026-04-17 10:39:55Z INFO StepsRunner] Evaluating: always()
[2026-04-17 10:39:55Z INFO StepsRunner] Result: true
[2026-04-17 10:39:55Z INFO StepsRunner] Starting the step.
[2026-04-17 10:39:55Z INFO HostContext] Well known directory 'Bin': 'C:\Users\flawy\Documents\pipeline\main\Hello\actions-runner\bin'
[2026-04-17 10:39:55Z INFO HostContext] Well known directory 'Root': 'C:\Users\flawy\Documents\pipeline\main\Hello\actions-runner'
[2026-04-17 10:39:55Z INFO HostContext] Well known directory 'Work': 'C:\Users\flawy\Documents\pipeline\main\Hello\actions-runner\_work'
[2026-04-17 10:39:55Z INFO StepsRunner] Which2: 'chcp'
[2026-04-17 10:39:55Z INFO StepsRunner] Location: 'C:\Windows\system32\chcp.COM'
[2026-04-17 10:39:55Z INFO ProcessInvokerWrapper] Starting process:
[2026-04-17 10:39:55Z INFO ProcessInvokerWrapper]   File name: 'C:\Windows\system32\chcp.COM'
[2026-04-17 10:39:55Z INFO ProcessInvokerWrapper]   Arguments: '65001'
[2026-04-17 10:39:55Z INFO ProcessInvokerWrapper]   Working directory: 'C:\Users\flawy\Documents\pipeline\main\Hello\actions-runner\_work'
[2026-04-17 10:39:55Z INFO ProcessInvokerWrapper]   Require exit code zero: 'False'
[2026-04-17 10:39:55Z INFO ProcessInvokerWrapper]   Encoding web name:  ; code page: ''
[2026-04-17 10:39:55Z INFO ProcessInvokerWrapper]   Force kill process on cancellation: 'False'
[2026-04-17 10:39:55Z INFO ProcessInvokerWrapper]   Redirected STDIN: 'False'
[2026-04-17 10:39:55Z INFO ProcessInvokerWrapper]   Persist current code page: 'True'
[2026-04-17 10:39:55Z INFO ProcessInvokerWrapper]   Keep redirected STDIN open: 'False'
[2026-04-17 10:39:55Z INFO ProcessInvokerWrapper]   High priority process: 'False'
[2026-04-17 10:39:55Z INFO ProcessInvokerWrapper] Process started with process id 29012, waiting for process exit.
[2026-04-17 10:39:55Z INFO ProcessInvokerWrapper] STDOUT/STDERR stream read finished.
[2026-04-17 10:39:55Z INFO ProcessInvokerWrapper] STDOUT/STDERR stream read finished.
[2026-04-17 10:39:55Z INFO ProcessInvokerWrapper] Finished process 29012 with exit code 0, and elapsed time 00:00:00.0204823.
[2026-04-17 10:39:55Z INFO StepsRunner] Successfully returned to code page 65001 (UTF8)
[2026-04-17 10:39:55Z INFO HostContext] Well known directory 'Bin': 'C:\Users\flawy\Documents\pipeline\main\Hello\actions-runner\bin'
[2026-04-17 10:39:55Z INFO HostContext] Well known directory 'Root': 'C:\Users\flawy\Documents\pipeline\main\Hello\actions-runner'
[2026-04-17 10:39:55Z INFO HostContext] Well known directory 'Work': 'C:\Users\flawy\Documents\pipeline\main\Hello\actions-runner\_work'
[2026-04-17 10:39:55Z INFO HostContext] Well known directory 'Actions': 'C:\Users\flawy\Documents\pipeline\main\Hello\actions-runner\_work\_actions'
[2026-04-17 10:39:55Z INFO ActionManager] Load action that reference repository from 'C:\Users\flawy\Documents\pipeline\main\Hello\actions-runner\_work\_actions\actions\checkout\v4'
[2026-04-17 10:39:55Z INFO HostContext] Well known directory 'Bin': 'C:\Users\flawy\Documents\pipeline\main\Hello\actions-runner\bin'
[2026-04-17 10:39:55Z INFO HostContext] Well known directory 'Root': 'C:\Users\flawy\Documents\pipeline\main\Hello\actions-runner'
[2026-04-17 10:39:55Z INFO HostContext] Well known directory 'Work': 'C:\Users\flawy\Documents\pipeline\main\Hello\actions-runner\_work'
[2026-04-17 10:39:55Z INFO HostContext] Well known directory 'Actions': 'C:\Users\flawy\Documents\pipeline\main\Hello\actions-runner\_work\_actions'
[2026-04-17 10:39:55Z INFO ActionManifestManagerLegacy] Loaded action.yml file: {
  "name": "Checkout",
  "description": "Checkout a Git repository at a particular version",
  "inputs": {
    "type": 2,
    "map": [
      {
        "key": {
          "type": 0,
          "file": 2,
          "line": 4,
          "col": 3,
          "lit": "repository"
        },
        "value": {
          "type": 3,
          "file": 2,
          "line": 6,
          "col": 14,
          "expr": "github.repository"
        }
      },
      {
        "key": {
          "type": 0,
          "file": 2,
          "line": 7,
          "col": 3,
          "lit": "ref"
        },
        "value": ""
      },
      {
        "key": {
          "type": 0,
          "file": 2,
          "line": 12,
          "col": 3,
          "lit": "token"
        },
        "value": {
          "type": 3,
          "file": 2,
          "line": 24,
          "col": 14,
          "expr": "github.token"
        }
      },
      {
        "key": {
          "type": 0,
          "file": 2,
          "line": 25,
          "col": 3,
          "lit": "ssh-key"
        },
        "value": ""
      },
      {
        "key": {
          "type": 0,
          "file": 2,
          "line": 37,
          "col": 3,
          "lit": "ssh-known-hosts"
        },
        "value": ""
      },
      {
        "key": {
          "type": 0,
          "file": 2,
          "line": 42,
          "col": 3,
          "lit": "ssh-strict"
        },
        "value": {
          "type": 0,
          "file": 2,
          "line": 47,
          "col": 14,
          "lit": "true"
        }
      },
      {
        "key": {
          "type": 0,
          "file": 2,
          "line": 48,
          "col": 3,
          "lit": "ssh-user"
        },
        "value": {
          "type": 0,
          "file": 2,
          "line": 51,
          "col": 14,
          "lit": "git"
        }
      },
      {
        "key": {
          "type": 0,
          "file": 2,
          "line": 52,
          "col": 3,
          "lit": "persist-credentials"
        },
        "value": {
          "type": 0,
          "file": 2,
          "line": 54,
          "col": 14,
          "lit": "true"
        }
      },
      {
        "key": {
          "type": 0,
          "file": 2,
          "line": 55,
          "col": 3,
          "lit": "path"
        },
        "value": ""
      },
      {
        "key": {
          "type": 0,
          "file": 2,
          "line": 57,
          "col": 3,
          "lit": "clean"
        },
        "value": {
          "type": 0,
          "file": 2,
          "line": 59,
          "col": 14,
          "lit": "true"
        }
      },
      {
        "key": {
          "type": 0,
          "file": 2,
          "line": 60,
          "col": 3,
          "lit": "filter"
        },
        "value": {
          "type": 0,
          "file": 2,
          "line": 64,
          "col": 14,
          "lit": ""
        }
      },
      {
        "key": {
          "type": 0,
          "file": 2,
          "line": 65,
          "col": 3,
          "lit": "sparse-checkout"
        },
        "value": {
          "type": 0,
          "file": 2,
          "line": 69,
          "col": 14,
          "lit": ""
        }
      },
      {
        "key": {
          "type": 0,
          "file": 2,
          "line": 70,
          "col": 3,
          "lit": "sparse-checkout-cone-mode"
        },
        "value": {
          "type": 0,
          "file": 2,
          "line": 73,
          "col": 14,
          "lit": "true"
        }
      },
      {
        "key": {
          "type": 0,
          "file": 2,
          "line": 74,
          "col": 3,
          "lit": "fetch-depth"
        },
        "value": {
          "type": 0,
          "file": 2,
          "line": 76,
          "col": 14,
          "lit": "1"
        }
      },
      {
        "key": {
          "type": 0,
          "file": 2,
          "line": 77,
          "col": 3,
          "lit": "fetch-tags"
        },
        "value": {
          "type": 0,
          "file": 2,
          "line": 79,
          "col": 14,
          "lit": "false"
        }
      },
      {
        "key": {
          "type": 0,
          "file": 2,
          "line": 80,
          "col": 3,
          "lit": "show-progress"
        },
        "value": {
          "type": 0,
          "file": 2,
          "line": 82,
          "col": 14,
          "lit": "true"
        }
      },
      {
        "key": {
          "type": 0,
          "file": 2,
          "line": 83,
          "col": 3,
          "lit": "lfs"
        },
        "value": {
          "type": 0,
          "file": 2,
          "line": 85,
          "col": 14,
          "lit": "false"
        }
      },
      {
        "key": {
          "type": 0,
          "file": 2,
          "line": 86,
          "col": 3,
          "lit": "submodules"
        },
        "value": {
          "type": 0,
          "file": 2,
          "line": 94,
          "col": 14,
          "lit": "false"
        }
      },
      {
        "key": {
          "type": 0,
          "file": 2,
          "line": 95,
          "col": 3,
          "lit": "set-safe-directory"
        },
        "value": {
          "type": 0,
          "file": 2,
          "line": 97,
          "col": 14,
          "lit": "true"
        }
      },
      {
        "key": {
          "type": 0,
          "file": 2,
          "line": 98,
          "col": 3,
          "lit": "github-server-url"
        },
        "value": ""
      }
    ]
  },
  "execution": {
    "executionType": "nodeJS",
    "hasPre": false,
    "hasPost": true,
    "script": "dist/index.js",
    "pre": null,
    "post": "dist/index.js",
    "nodeVersion": "node20",
    "cleanupCondition": "always()",
    "initCondition": "always()"
  },
  "deprecated": null
}
[2026-04-17 10:39:55Z INFO ActionManager] Action pre node.js file: N/A.
[2026-04-17 10:39:55Z INFO ActionManager] Action node.js file: dist/index.js.
[2026-04-17 10:39:55Z INFO ActionManager] Action post node.js file: dist/index.js.
[2026-04-17 10:39:55Z INFO HostContext] Well known directory 'Bin': 'C:\Users\flawy\Documents\pipeline\main\Hello\actions-runner\bin'
[2026-04-17 10:39:55Z INFO HostContext] Well known directory 'Root': 'C:\Users\flawy\Documents\pipeline\main\Hello\actions-runner'
[2026-04-17 10:39:55Z INFO HostContext] Well known directory 'Work': 'C:\Users\flawy\Documents\pipeline\main\Hello\actions-runner\_work'
[2026-04-17 10:39:55Z INFO HostContext] Well known directory 'Temp': 'C:\Users\flawy\Documents\pipeline\main\Hello\actions-runner\_work\_temp'
[2026-04-17 10:39:55Z INFO ExecutionContext] Write event payload to C:\Users\flawy\Documents\pipeline\main\Hello\actions-runner\_work\_temp\_github_workflow\event.json
[2026-04-17 10:39:55Z INFO HostContext] Well known directory 'Bin': 'C:\Users\flawy\Documents\pipeline\main\Hello\actions-runner\bin'
[2026-04-17 10:39:55Z INFO HostContext] Well known directory 'Root': 'C:\Users\flawy\Documents\pipeline\main\Hello\actions-runner'
[2026-04-17 10:39:55Z INFO HostContext] Well known directory 'Work': 'C:\Users\flawy\Documents\pipeline\main\Hello\actions-runner\_work'
[2026-04-17 10:39:55Z INFO HostContext] Well known directory 'Temp': 'C:\Users\flawy\Documents\pipeline\main\Hello\actions-runner\_work\_temp'
[2026-04-17 10:39:55Z INFO ExtensionManager] Getting extensions for interface: 'GitHub.Runner.Worker.IFileCommandExtension'
[2026-04-17 10:39:55Z INFO ActionManifestManagerLegacy] Input 'repository': default value evaluate result: {
  "type": 0,
  "file": 2,
  "line": 6,
  "col": 14,
  "lit": "Luna-slendy/Hello"
}
[2026-04-17 10:39:55Z INFO ActionManifestManagerLegacy] Input 'ref': default value evaluate result: ""
[2026-04-17 10:39:55Z INFO ActionManifestManagerLegacy] Input 'token': default value evaluate result: {
  "type": 0,
  "file": 2,
  "line": 24,
  "col": 14,
  "lit": "***"
}
[2026-04-17 10:39:55Z INFO ActionManifestManagerLegacy] Input 'ssh-key': default value evaluate result: ""
[2026-04-17 10:39:55Z INFO ActionManifestManagerLegacy] Input 'ssh-known-hosts': default value evaluate result: ""
[2026-04-17 10:39:55Z INFO ActionManifestManagerLegacy] Input 'ssh-strict': default value evaluate result: {
  "type": 0,
  "file": 2,
  "line": 47,
  "col": 14,
  "lit": "true"
}
[2026-04-17 10:39:55Z INFO ActionManifestManagerLegacy] Input 'ssh-user': default value evaluate result: {
  "type": 0,
  "file": 2,
  "line": 51,
  "col": 14,
  "lit": "git"
}
[2026-04-17 10:39:55Z INFO ActionManifestManagerLegacy] Input 'persist-credentials': default value evaluate result: {
  "type": 0,
  "file": 2,
  "line": 54,
  "col": 14,
  "lit": "true"
}
[2026-04-17 10:39:55Z INFO ActionManifestManagerLegacy] Input 'path': default value evaluate result: ""
[2026-04-17 10:39:55Z INFO ActionManifestManagerLegacy] Input 'clean': default value evaluate result: {
  "type": 0,
  "file": 2,
  "line": 59,
  "col": 14,
  "lit": "true"
}
[2026-04-17 10:39:55Z INFO ActionManifestManagerLegacy] Input 'filter': default value evaluate result: {
  "type": 0,
  "file": 2,
  "line": 64,
  "col": 14,
  "lit": ""
}
[2026-04-17 10:39:55Z INFO ActionManifestManagerLegacy] Input 'sparse-checkout': default value evaluate result: {
  "type": 0,
  "file": 2,
  "line": 69,
  "col": 14,
  "lit": ""
}
[2026-04-17 10:39:55Z INFO ActionManifestManagerLegacy] Input 'sparse-checkout-cone-mode': default value evaluate result: {
  "type": 0,
  "file": 2,
  "line": 73,
  "col": 14,
  "lit": "true"
}
[2026-04-17 10:39:55Z INFO ActionManifestManagerLegacy] Input 'fetch-depth': default value evaluate result: {
  "type": 0,
  "file": 2,
  "line": 76,
  "col": 14,
  "lit": "1"
}
[2026-04-17 10:39:55Z INFO ActionManifestManagerLegacy] Input 'fetch-tags': default value evaluate result: {
  "type": 0,
  "file": 2,
  "line": 79,
  "col": 14,
  "lit": "false"
}
[2026-04-17 10:39:55Z INFO ActionManifestManagerLegacy] Input 'show-progress': default value evaluate result: {
  "type": 0,
  "file": 2,
  "line": 82,
  "col": 14,
  "lit": "true"
}
[2026-04-17 10:39:55Z INFO ActionManifestManagerLegacy] Input 'lfs': default value evaluate result: {
  "type": 0,
  "file": 2,
  "line": 85,
  "col": 14,
  "lit": "false"
}
[2026-04-17 10:39:55Z INFO ActionManifestManagerLegacy] Input 'submodules': default value evaluate result: {
  "type": 0,
  "file": 2,
  "line": 94,
  "col": 14,
  "lit": "false"
}
[2026-04-17 10:39:55Z INFO ActionManifestManagerLegacy] Input 'set-safe-directory': default value evaluate result: {
  "type": 0,
  "file": 2,
  "line": 97,
  "col": 14,
  "lit": "true"
}
[2026-04-17 10:39:55Z INFO ActionManifestManagerLegacy] Input 'github-server-url': default value evaluate result: ""
[2026-04-17 10:39:55Z INFO ExtensionManager] Getting extensions for interface: 'GitHub.Runner.Worker.IActionCommandExtension'
[2026-04-17 10:39:55Z INFO ActionCommandManager] Register action command extension for command internal-set-repo-path
[2026-04-17 10:39:55Z INFO ActionCommandManager] Register action command extension for command set-env
[2026-04-17 10:39:55Z INFO ActionCommandManager] Register action command extension for command set-output
[2026-04-17 10:39:55Z INFO ActionCommandManager] Register action command extension for command save-state
[2026-04-17 10:39:55Z INFO ActionCommandManager] Register action command extension for command add-path
[2026-04-17 10:39:55Z INFO ActionCommandManager] Register action command extension for command add-mask
[2026-04-17 10:39:55Z INFO ActionCommandManager] Register action command extension for command add-matcher
[2026-04-17 10:39:55Z INFO ActionCommandManager] Register action command extension for command remove-matcher
[2026-04-17 10:39:55Z INFO ActionCommandManager] Register action command extension for command warning
[2026-04-17 10:39:55Z INFO ActionCommandManager] Register action command extension for command error
[2026-04-17 10:39:55Z INFO ActionCommandManager] Register action command extension for command notice
[2026-04-17 10:39:55Z INFO ActionCommandManager] Register action command extension for command debug
[2026-04-17 10:39:55Z INFO ActionCommandManager] Register action command extension for command group
[2026-04-17 10:39:55Z INFO ActionCommandManager] Register action command extension for command endgroup
[2026-04-17 10:39:55Z INFO ActionCommandManager] Register action command extension for command echo
[2026-04-17 10:39:55Z INFO HostContext] Well known directory 'Bin': 'C:\Users\flawy\Documents\pipeline\main\Hello\actions-runner\bin'
[2026-04-17 10:39:55Z INFO HostContext] Well known directory 'Root': 'C:\Users\flawy\Documents\pipeline\main\Hello\actions-runner'
[2026-04-17 10:39:55Z INFO HostContext] Well known directory 'Externals': 'C:\Users\flawy\Documents\pipeline\main\Hello\actions-runner\externals'
[2026-04-17 10:39:55Z INFO ProcessInvokerWrapper] Starting process:
[2026-04-17 10:39:55Z INFO ProcessInvokerWrapper]   File name: 'C:\Users\flawy\Documents\pipeline\main\Hello\actions-runner\externals\node20\bin\node.exe'
[2026-04-17 10:39:55Z INFO ProcessInvokerWrapper]   Arguments: '"C:\Users\flawy\Documents\pipeline\main\Hello\actions-runner\_work\_actions\actions\checkout\v4\dist/index.js"'
[2026-04-17 10:39:55Z INFO ProcessInvokerWrapper]   Working directory: 'C:\Users\flawy\Documents\pipeline\main\Hello\actions-runner\_work\Hello\Hello'
[2026-04-17 10:39:55Z INFO ProcessInvokerWrapper]   Require exit code zero: 'False'
[2026-04-17 10:39:55Z INFO ProcessInvokerWrapper]   Encoding web name: utf-8 ; code page: '65001'
[2026-04-17 10:39:55Z INFO ProcessInvokerWrapper]   Force kill process on cancellation: 'False'
[2026-04-17 10:39:55Z INFO ProcessInvokerWrapper]   Redirected STDIN: 'False'
[2026-04-17 10:39:55Z INFO ProcessInvokerWrapper]   Persist current code page: 'True'
[2026-04-17 10:39:55Z INFO ProcessInvokerWrapper]   Keep redirected STDIN open: 'False'
[2026-04-17 10:39:55Z INFO ProcessInvokerWrapper]   High priority process: 'False'
[2026-04-17 10:39:55Z INFO JobServerQueue] Try to append 1 batches web console lines for record 'c8c177ac-1561-4302-bb9b-6a5fde577fb9', success rate: 1/1.
[2026-04-17 10:39:55Z INFO JobServerQueue] Try to append 1 batches web console lines for record '472b76fb-7520-41f6-9018-cc0800b111c0', success rate: 1/1.
[2026-04-17 10:39:55Z INFO ProcessInvokerWrapper] Process started with process id 12576, waiting for process exit.
[2026-04-17 10:39:55Z INFO AddMaskCommandExtension] Add new secret mask with length of 32
[2026-04-17 10:39:55Z INFO JobServerQueue] Try to append 1 batches web console lines for record '472b76fb-7520-41f6-9018-cc0800b111c0', success rate: 1/1.
[2026-04-17 10:39:56Z INFO JobServerQueue] Try to upload 2 log files or attachments, success rate: 2/2.
[2026-04-17 10:39:56Z INFO JobServerQueue] Got a step log file to send to results service.
[2026-04-17 10:39:56Z INFO JobServerQueue] Starting upload of step log file to results service ResultsLog, C:\Users\flawy\Documents\pipeline\main\Hello\actions-runner\_diag\blocks\9f9135b5-8dae-45e2-80f3-03ca7a727da2_933393ad-13b9-4b30-a728-40b279dfe44d.1
[2026-04-17 10:39:56Z INFO JobServerQueue] Try to append 1 batches web console lines for record '472b76fb-7520-41f6-9018-cc0800b111c0', success rate: 1/1.
[2026-04-17 10:39:56Z INFO JobServerQueue] Try to append 1 batches web console lines for record '472b76fb-7520-41f6-9018-cc0800b111c0', success rate: 1/1.
[2026-04-17 10:39:56Z INFO JobServerQueue] Got a step log file to send to results service.
[2026-04-17 10:39:56Z INFO JobServerQueue] Starting upload of step log file to results service ResultsLog, C:\Users\flawy\Documents\pipeline\main\Hello\actions-runner\_diag\blocks\9f9135b5-8dae-45e2-80f3-03ca7a727da2_c8c177ac-1561-4302-bb9b-6a5fde577fb9.1
[2026-04-17 10:39:57Z INFO JobServerQueue] Try to append 1 batches web console lines for record '472b76fb-7520-41f6-9018-cc0800b111c0', success rate: 1/1.
[2026-04-17 10:39:57Z INFO JobServerQueue] Tried to upload 2 file(s) to results, success rate: 2/2.
[2026-04-17 10:39:57Z INFO ProcessInvokerWrapper] STDOUT/STDERR stream read finished.
[2026-04-17 10:39:57Z INFO ProcessInvokerWrapper] STDOUT/STDERR stream read finished.
[2026-04-17 10:39:57Z INFO ProcessInvokerWrapper] Finished process 12576 with exit code 0, and elapsed time 00:00:02.0295180.
[2026-04-17 10:39:57Z INFO CreateStepSummaryCommand] Step Summary file (C:\Users\flawy\Documents\pipeline\main\Hello\actions-runner\_work\_temp\_runner_file_commands\step_summary_b73ce8e0-0a3b-4bec-8369-577fdbaeb70a) is empty; skipping attachment upload
[2026-04-17 10:39:57Z INFO StepsRunner] Step result: 
[2026-04-17 10:39:57Z INFO ExecutionContext] Publish step telemetry for current step {
  "action": "actions/checkout",
  "ref": "v4",
  "type": "node20",
  "stage": "Post",
  "stepId": "472b76fb-7520-41f6-9018-cc0800b111c0",
  "result": "succeeded",
  "errorMessages": [],
  "executionTimeInSeconds": 3,
  "startTime": "2026-04-17T10:39:55.6045645Z",
  "finishTime": "2026-04-17T10:39:57.673403Z"
}.
[2026-04-17 10:39:57Z INFO StepsRunner] No need for updating job result with current step result 'Succeeded'.
[2026-04-17 10:39:57Z INFO StepsRunner] Current state: job state = 'Failed'
[2026-04-17 10:39:57Z INFO JobRunner] Finalize job.
[2026-04-17 10:39:57Z INFO HostContext] Well known directory 'Bin': 'C:\Users\flawy\Documents\pipeline\main\Hello\actions-runner\bin'
[2026-04-17 10:39:57Z INFO HostContext] Well known directory 'Root': 'C:\Users\flawy\Documents\pipeline\main\Hello\actions-runner'
[2026-04-17 10:39:57Z INFO HostContext] Well known directory 'Diag': 'C:\Users\flawy\Documents\pipeline\main\Hello\actions-runner\_diag'
[2026-04-17 10:39:57Z INFO HostContext] Well known directory 'Bin': 'C:\Users\flawy\Documents\pipeline\main\Hello\actions-runner\bin'
[2026-04-17 10:39:57Z INFO HostContext] Well known directory 'Root': 'C:\Users\flawy\Documents\pipeline\main\Hello\actions-runner'
[2026-04-17 10:39:57Z INFO HostContext] Well known directory 'Diag': 'C:\Users\flawy\Documents\pipeline\main\Hello\actions-runner\_diag'
[2026-04-17 10:39:57Z INFO JobExtension] Initialize Env context
[2026-04-17 10:39:57Z INFO JobExtension] Initialize steps context
[2026-04-17 10:39:57Z INFO JobExtension] Total accessible running process: 340.
[2026-04-17 10:39:57Z INFO JobExtension] Inspecting process environment variables. PID: 6420 (opera)
[2026-04-17 10:39:57Z INFO JobExtension] Wait for all connectivity checks to finish.
[2026-04-17 10:39:57Z INFO JobExtension] Connectivity check result: GitHub.Runner.Worker.JobExtension+CheckResult
[2026-04-17 10:39:57Z INFO JobExtension] Connectivity check result: GitHub.Runner.Worker.JobExtension+CheckResult
[2026-04-17 10:39:57Z INFO JobExtension] Connectivity check result: GitHub.Runner.Worker.JobExtension+CheckResult
[2026-04-17 10:39:57Z INFO ExecutionContext] Publish step telemetry for current step {
  "action": "complete_job",
  "type": "runner",
  "stage": "Post",
  "stepId": "df97fe93-1058-48a5-a535-1523a6bf2841",
  "result": "succeeded",
  "errorMessages": [
    "Node.js 20 actions are deprecated. The following actions are running on Node.js 20 and may not work as expected: actions/checkout@v4. Actions will be forced to run with Node.js 24 by default starting June 2nd, 2026. Node.js 20 will be removed from the runn"
  ],
  "executionTimeInSeconds": 1,
  "startTime": "2026-04-17T10:39:57.6768496Z",
  "finishTime": "2026-04-17T10:39:57.7080979Z"
}.
[2026-04-17 10:39:57Z INFO JobRunner] Job result after all job steps finish: Failed
[2026-04-17 10:39:57Z INFO JobRunner] Completing the job execution context.
[2026-04-17 10:39:57Z INFO JobRunner] Shutting down the job server queue.
[2026-04-17 10:39:57Z INFO JobServerQueue] Fire signal to shutdown all queues.
[2026-04-17 10:39:58Z INFO JobServerQueue] All queue process task stopped.
[2026-04-17 10:39:58Z INFO JobServerQueue] Try to append 1 batches web console lines for record 'df97fe93-1058-48a5-a535-1523a6bf2841', success rate: 1/1.
[2026-04-17 10:39:58Z INFO JobServerQueue] Web console line queue drained.
[2026-04-17 10:39:58Z INFO JobServerQueue] Uploading 3 files in one shot.
[2026-04-17 10:39:58Z INFO JobServerQueue] Try to upload 3 log files or attachments, success rate: 3/3.
[2026-04-17 10:39:58Z INFO JobServerQueue] File upload queue drained.
[2026-04-17 10:39:58Z INFO JobServerQueue] Starting results-based upload queue...
[2026-04-17 10:39:58Z INFO JobServerQueue] Uploading 3 file(s) in one shot through results service.
[2026-04-17 10:39:58Z INFO JobServerQueue] Got a step log file to send to results service.
[2026-04-17 10:39:58Z INFO JobServerQueue] Starting upload of step log file to results service ResultsLog, C:\Users\flawy\Documents\pipeline\main\Hello\actions-runner\_diag\blocks\9f9135b5-8dae-45e2-80f3-03ca7a727da2_472b76fb-7520-41f6-9018-cc0800b111c0.1
[2026-04-17 10:39:58Z INFO JobServerQueue] Got a step log file to send to results service.
[2026-04-17 10:39:58Z INFO JobServerQueue] Starting upload of step log file to results service ResultsLog, C:\Users\flawy\Documents\pipeline\main\Hello\actions-runner\_diag\blocks\9f9135b5-8dae-45e2-80f3-03ca7a727da2_df97fe93-1058-48a5-a535-1523a6bf2841.1
[2026-04-17 10:39:59Z INFO JobServerQueue] Got a job log file to send to results service.
[2026-04-17 10:39:59Z INFO JobServerQueue] Starting upload of job log file to results service ResultsLog, C:\Users\flawy\Documents\pipeline\main\Hello\actions-runner\_diag\blocks\9f9135b5-8dae-45e2-80f3-03ca7a727da2_dad7a6eb-ae20-589c-a563-2972f201d82e.1
[2026-04-17 10:39:59Z INFO JobServerQueue] Tried to upload 3 file(s) to results, success rate: 3/3.
[2026-04-17 10:39:59Z INFO JobServerQueue] Results upload queue drained.
[2026-04-17 10:40:00Z INFO JobServerQueue] Timeline update queue drained.
[2026-04-17 10:40:00Z INFO JobServerQueue] Disposing job server ...
[2026-04-17 10:40:00Z INFO JobServerQueue] Disposing results server ...
[2026-04-17 10:40:00Z INFO JobServerQueue] All queue process tasks have been stopped, and all queues are drained.
[2026-04-17 10:40:00Z INFO TempDirectoryManager] Cleaning runner temp folder: C:\Users\flawy\Documents\pipeline\main\Hello\actions-runner\_work\_temp
[2026-04-17 10:40:00Z INFO HostContext] Well known directory 'Bin': 'C:\Users\flawy\Documents\pipeline\main\Hello\actions-runner\bin'
[2026-04-17 10:40:00Z INFO HostContext] Well known directory 'Root': 'C:\Users\flawy\Documents\pipeline\main\Hello\actions-runner'
[2026-04-17 10:40:00Z INFO HostContext] Well known directory 'Diag': 'C:\Users\flawy\Documents\pipeline\main\Hello\actions-runner\_diag'
[2026-04-17 10:40:00Z INFO HostContext] Well known config file 'Telemetry': 'C:\Users\flawy\Documents\pipeline\main\Hello\actions-runner\_diag\.telemetry'
[2026-04-17 10:40:00Z INFO JobRunner] Raising job completed against run service
[2026-04-17 10:40:00Z INFO Worker] Job completed.
